timestamp,open,high,low,close,volume
2026-05-06T04:00:00Z,4653.60009765625,4664.39990234375,4653.2998046875,4660.0,0
2026-05-06T05:00:00Z,4660.0,4674.7998046875,4655.60009765625,4673.89990234375,5023
2026-05-06T06:00:00Z,4673.89990234375,4680.2001953125,4667.7998046875,4679.5,5370
2026-05-06T07:00:00Z,4679.7998046875,4693.2001953125,4668.5,4692.39990234375,8958
2026-05-06T08:00:00Z,4692.7001953125,4714.2998046875,4682.7998046875,4712.0,9457
2026-05-06T09:00:00Z,4712.0,4720.2001953125,4699.7001953125,4713.39990234375,11803
2026-05-06T10:00:00Z,4713.2998046875,4734.60009765625,4707.39990234375,4729.60009765625,9749
2026-05-06T11:00:00Z,4729.39990234375,4732.7001953125,4702.0,4703.2998046875,9417
2026-05-06T12:00:00Z,4703.2998046875,4704.7998046875,4671.0,4694.39990234375,13878
2026-05-06T13:00:00Z,4694.10009765625,4719.2001953125,4679.5,4713.5,13571
2026-05-06T14:00:00Z,4713.39990234375,4728.7001953125,4708.7998046875,4714.2001953125,11787
2026-05-06T15:00:00Z,4714.2001953125,4717.2998046875,4699.2001953125,4699.2998046875,6023
2026-05-06T16:00:00Z,4699.0,4703.5,4690.60009765625,4694.0,5182
2026-05-06T17:00:00Z,4693.89990234375,4699.10009765625,4689.7998046875,4694.7998046875,6487
2026-05-06T18:00:00Z,4695.10009765625,4701.2998046875,4692.7001953125,4696.7998046875,3132
2026-05-06T19:00:00Z,4697.10009765625,4711.2998046875,4697.10009765625,4703.0,3765
2026-05-06T20:00:00Z,4703.5,4710.39990234375,4695.7998046875,4703.10009765625,2125
2026-05-06T22:00:00Z,4702.2001953125,4709.2001953125,4698.0,4704.10009765625,0
2026-05-06T23:00:00Z,4703.7001953125,4708.89990234375,4699.2998046875,4708.2001953125,1386
2026-05-07T00:00:00Z,4708.2998046875,4710.39990234375,4694.2001953125,4697.60009765625,2468
2026-05-07T01:00:00Z,4697.39990234375,4730.5,4694.0,4723.7001953125,6562
2026-05-07T02:00:00Z,4723.39990234375,4727.2998046875,4708.2001953125,4716.0,2563
2026-05-07T03:00:00Z,4715.2001953125,4718.60009765625,4708.89990234375,4709.0,1410
2026-05-07T04:00:00Z,4707.7001953125,4709.5,4700.39990234375,4705.10009765625,2338
2026-05-07T05:00:00Z,4705.0,4715.39990234375,4703.10009765625,4709.39990234375,2309
2026-05-07T06:00:00Z,4709.5,4759.39990234375,4709.5,4748.60009765625,7868
2026-05-07T07:00:00Z,4747.7998046875,4760.5,4741.0,4752.5,6031
2026-05-07T08:00:00Z,4753.2001953125,4763.60009765625,4740.89990234375,4741.10009765625,6660
2026-05-07T09:00:00Z,4741.39990234375,4749.0,4732.0,4738.39990234375,5442
2026-05-07T10:00:00Z,4738.10009765625,4749.60009765625,4736.0,4745.0,3028
2026-05-07T11:00:00Z,4745.39990234375,4753.0,4736.39990234375,4752.0,4139
2026-05-07T12:00:00Z,4752.10009765625,4762.7001953125,4741.7001953125,4760.10009765625,8404
2026-05-07T13:00:00Z,4760.2001953125,4768.5,4741.0,4756.5,11580
2026-05-07T14:00:00Z,4756.0,4774.0,4751.10009765625,4773.2998046875,13270
2026-05-07T15:00:00Z,4773.39990234375,4775.2001953125,4694.2998046875,4739.10009765625,12905
2026-05-07T16:00:00Z,4739.2998046875,4739.89990234375,4712.60009765625,4724.7998046875,11706
2026-05-07T17:00:00Z,4725.0,4729.5,4696.60009765625,4721.10009765625,25024
2026-05-07T18:00:00Z,4721.0,4725.5,4704.60009765625,4719.10009765625,6563
2026-05-07T19:00:00Z,4719.60009765625,4722.5,4707.0,4712.89990234375,4212
2026-05-07T20:00:00Z,4713.0,4729.10009765625,4693.2998046875,4696.0,4068
2026-05-07T22:00:00Z,4682.5,4708.5,4671.0,4694.89990234375,0
2026-05-07T23:00:00Z,4694.39990234375,4714.39990234375,4693.89990234375,4713.2001953125,1629
2026-05-08T00:00:00Z,4713.39990234375,4718.5,4702.7001953125,4710.0,2412
2026-05-08T01:00:00Z,4710.10009765625,4734.2998046875,4709.10009765625,4731.2001953125,4467
2026-05-08T02:00:00Z,4731.10009765625,4741.39990234375,4715.39990234375,4721.7001953125,3497
2026-05-08T03:00:00Z,4721.60009765625,4739.7998046875,4719.2998046875,4729.0,2252
2026-05-08T04:00:00Z,4728.60009765625,4731.89990234375,4716.60009765625,4719.39990234375,2211
2026-05-08T05:00:00Z,4719.60009765625,4740.0,4718.2998046875,4736.0,2147
2026-05-08T06:00:00Z,4736.5,4743.5,4721.10009765625,4734.2998046875,3944
2026-05-08T07:00:00Z,4734.0,4734.89990234375,4706.2001953125,4717.39990234375,6270
2026-05-08T08:00:00Z,4717.2001953125,4732.89990234375,4715.89990234375,4724.7998046875,2612
2026-05-08T09:00:00Z,4725.39990234375,4732.5,4716.89990234375,4721.60009765625,3270
2026-05-08T10:00:00Z,4721.39990234375,4737.7998046875,4720.7001953125,4729.39990234375,2592
2026-05-08T11:00:00Z,4730.10009765625,4737.0,4723.2001953125,4727.5,3506
2026-05-08T12:00:00Z,4727.5,4741.60009765625,4709.60009765625,4734.10009765625,10610
2026-05-08T13:00:00Z,4733.39990234375,4758.60009765625,4725.7001953125,4757.7998046875,13327
2026-05-08T14:00:00Z,4757.7998046875,4760.39990234375,4723.10009765625,4725.7001953125,13223
2026-05-08T15:00:00Z,4725.7998046875,4730.7998046875,4711.5,4716.60009765625,10420
2026-05-08T16:00:00Z,4716.39990234375,4729.89990234375,4715.0,4721.89990234375,4564
2026-05-08T17:00:00Z,4721.89990234375,4732.10009765625,4721.7001953125,4730.39990234375,10898
2026-05-08T18:00:00Z,4730.39990234375,4738.60009765625,4729.2998046875,4731.89990234375,3024
2026-05-08T19:00:00Z,4731.5,4736.39990234375,4730.60009765625,4733.39990234375,1986
2026-05-08T20:00:00Z,4733.7998046875,4733.89990234375,4723.2998046875,4730.7001953125,2075
2026-05-10T22:00:00Z,4696.7998046875,4704.5,4690.0,4700.10009765625,2147
2026-05-10T23:00:00Z,4700.0,4707.5,4697.2998046875,4700.2998046875,1740
2026-05-11T00:00:00Z,4699.89990234375,4702.10009765625,4678.39990234375,4692.5,5051
2026-05-11T01:00:00Z,4692.0,4714.10009765625,4683.5,4694.2001953125,6290
2026-05-11T02:00:00Z,4694.7001953125,4709.0,4684.7001953125,4690.0,5125
2026-05-11T03:00:00Z,4689.60009765625,4698.2998046875,4683.10009765625,4687.0,2809
2026-05-11T04:00:00Z,4686.39990234375,4687.7001953125,4675.89990234375,4679.7998046875,2618
2026-05-11T05:00:00Z,4679.7998046875,4688.7998046875,4655.10009765625,4659.60009765625,6147
2026-05-11T06:00:00Z,4659.5,4688.7001953125,4656.60009765625,4686.7001953125,5518
2026-05-11T07:00:00Z,4686.89990234375,4688.60009765625,4672.7998046875,4676.39990234375,3301
2026-05-11T08:00:00Z,4676.2998046875,4687.5,4672.7998046875,4675.89990234375,3633
2026-05-11T09:00:00Z,4675.60009765625,4678.39990234375,4658.7001953125,4665.2998046875,6450
2026-05-11T10:00:00Z,4665.0,4675.89990234375,4664.5,4672.2001953125,2995
2026-05-11T11:00:00Z,4672.60009765625,4686.0,4672.60009765625,4683.2998046875,3770
2026-05-11T12:00:00Z,4682.89990234375,4710.2001953125,4675.89990234375,4708.7001953125,11000
2026-05-11T13:00:00Z,4708.89990234375,4758.39990234375,4707.2998046875,4745.7001953125,21316
2026-05-11T14:00:00Z,4745.7001953125,4748.5,4724.60009765625,4735.39990234375,13139
2026-05-11T15:00:00Z,4735.2998046875,4748.10009765625,4732.2001953125,4741.7998046875,5462
2026-05-11T16:00:00Z,4742.0,4743.2001953125,4716.7998046875,4726.10009765625,7320
2026-05-11T17:00:00Z,4726.0,4734.2001953125,4725.39990234375,4733.0,9394
2026-05-11T18:00:00Z,4733.10009765625,4738.7998046875,4730.10009765625,4733.7998046875,2600
2026-05-11T19:00:00Z,4734.2001953125,4746.5,4731.7998046875,4743.5,4586
2026-05-11T20:00:00Z,4743.7001953125,4748.5,4739.5,4745.60009765625,1702
2026-05-11T22:00:00Z,4745.2998046875,4766.7998046875,4745.2001953125,4760.7001953125,0
2026-05-11T23:00:00Z,4760.5,4780.2998046875,4755.2001953125,4777.2001953125,5329
2026-05-12T00:00:00Z,4776.7001953125,4783.39990234375,4757.7998046875,4759.2998046875,4961
2026-05-12T01:00:00Z,4758.89990234375,4765.60009765625,4729.7998046875,4736.60009765625,5516
2026-05-12T02:00:00Z,4736.2998046875,4743.39990234375,4731.10009765625,4739.7998046875,2971
2026-05-12T03:00:00Z,4739.5,4742.39990234375,4726.7998046875,4729.0,2596
2026-05-12T04:00:00Z,4729.10009765625,4739.60009765625,4720.10009765625,4723.10009765625,2574
2026-05-12T05:00:00Z,4722.5,4731.0,4717.5,4723.2001953125,3936
2026-05-12T06:00:00Z,4722.60009765625,4722.60009765625,4701.60009765625,4705.39990234375,6639
2026-05-12T07:00:00Z,4705.0,4711.7001953125,4692.39990234375,4707.7998046875,5043
2026-05-12T08:00:00Z,4707.5,4714.7998046875,4704.60009765625,4710.89990234375,2657
2026-05-12T09:00:00Z,4710.7001953125,4713.2998046875,4702.2001953125,4707.60009765625,3690
2026-05-12T10:00:00Z,4708.0,4716.7001953125,4692.7998046875,4701.89990234375,4698
2026-05-12T11:00:00Z,4702.39990234375,4717.2001953125,4694.7001953125,4714.60009765625,3913
2026-05-12T12:00:00Z,4714.5,4719.7998046875,4697.39990234375,4713.7998046875,9041
2026-05-12T13:00:00Z,4713.60009765625,4717.10009765625,4684.5,4687.0,13210
2026-05-12T14:00:00Z,4686.5,4703.0,4676.0,4680.0,10866
2026-05-12T15:00:00Z,4680.0,4683.60009765625,4645.2001953125,4673.10009765625,18910
2026-05-12T16:00:00Z,4673.5,4682.39990234375,4671.2998046875,4678.10009765625,4852
2026-05-12T17:00:00Z,4678.39990234375,4689.7998046875,4678.39990234375,4685.7001953125,10977
2026-05-12T18:00:00Z,4685.7001953125,4705.5,4683.0,4703.0,4942
2026-05-12T19:00:00Z,4704.10009765625,4723.2998046875,4703.60009765625,4723.2001953125,4188
2026-05-12T20:00:00Z,4722.7998046875,4726.7001953125,4719.39990234375,4722.60009765625,1764
2026-05-12T22:00:00Z,4722.2998046875,4730.2001953125,4720.2998046875,4724.60009765625,0
2026-05-12T23:00:00Z,4724.5,4731.60009765625,4723.0,4724.7001953125,2894
2026-05-13T00:00:00Z,4724.5,4734.7998046875,4721.0,4723.0,2859
2026-05-13T01:00:00Z,4722.60009765625,4725.10009765625,4709.2001953125,4710.89990234375,4567
2026-05-13T02:00:00Z,4710.5,4715.7001953125,4696.0,4700.60009765625,4072
2026-05-13T03:00:00Z,4700.5,4714.2998046875,4697.10009765625,4703.0,3029
2026-05-13T04:00:00Z,4704.5,4711.39990234375,4703.39990234375,4707.89990234375,1367
2026-05-13T05:00:00Z,4707.5,4715.7001953125,4701.2998046875,4711.39990234375,2464
2026-05-13T06:00:00Z,4711.7998046875,4723.10009765625,4706.89990234375,4709.7998046875,4357
2026-05-13T07:00:00Z,4709.7998046875,4716.60009765625,4704.7998046875,4710.39990234375,4382
2026-05-13T08:00:00Z,4710.2998046875,4712.0,4701.7998046875,4707.7001953125,3497
2026-05-13T09:00:00Z,4707.7998046875,4709.2001953125,4692.2998046875,4709.0,5883
2026-05-13T10:00:00Z,4708.39990234375,4718.2001953125,4701.0,4701.60009765625,3041
2026-05-13T11:00:00Z,4701.7998046875,4713.89990234375,4698.60009765625,4705.2001953125,3113
2026-05-13T12:00:00Z,4704.89990234375,4709.39990234375,4682.0,4690.7001953125,9990
2026-05-13T13:00:00Z,4690.60009765625,4702.0,4676.0,4686.2001953125,11058
2026-05-13T14:00:00Z,4686.2001953125,4698.2998046875,4679.7998046875,4686.7998046875,9935
2026-05-13T15:00:00Z,4687.10009765625,4708.0,4686.0,4703.2998046875,6097
2026-05-13T16:00:00Z,4703.0,4717.89990234375,4702.7998046875,4703.5,8297
2026-05-13T17:00:00Z,4703.7001953125,4709.2001953125,4692.60009765625,4693.39990234375,11680
2026-05-13T18:00:00Z,4693.7998046875,4702.0,4685.5,4692.89990234375,4130
2026-05-13T19:00:00Z,4692.60009765625,4698.60009765625,4691.2998046875,4696.10009765625,2143
2026-05-13T20:00:00Z,4696.0,4701.39990234375,4693.7001953125,4697.10009765625,1059
2026-05-13T22:00:00Z,4696.7998046875,4707.2998046875,4695.5,4706.39990234375,0
2026-05-13T23:00:00Z,4706.2001953125,4709.0,4699.7001953125,4703.5,832
2026-05-14T00:00:00Z,4703.10009765625,4713.7001953125,4696.2001953125,4712.0,2120
2026-05-14T01:00:00Z,4712.2001953125,4714.0,4690.2001953125,4695.0,3819
2026-05-14T02:00:00Z,4695.5,4706.5,4686.0,4692.7001953125,2465
2026-05-14T03:00:00Z,4692.7998046875,4699.39990234375,4679.2998046875,4680.7998046875,2850
2026-05-14T04:00:00Z,4680.7998046875,4719.7001953125,4673.2001953125,4709.2001953125,5598
2026-05-14T05:00:00Z,4709.5,4711.2001953125,4696.0,4696.2998046875,2585
2026-05-14T06:00:00Z,4696.2001953125,4709.2998046875,4692.7001953125,4707.2001953125,3244
2026-05-14T07:00:00Z,4706.7001953125,4725.7998046875,4697.7001953125,4700.10009765625,5792
2026-05-14T08:00:00Z,4699.5,4713.60009765625,4698.89990234375,4700.2998046875,3367
2026-05-14T09:00:00Z,4699.7998046875,4709.2998046875,4694.60009765625,4706.10009765625,2763
2026-05-14T10:00:00Z,4706.0,4711.89990234375,4698.0,4704.10009765625,2516
2026-05-14T11:00:00Z,4703.5,4711.60009765625,4695.89990234375,4700.39990234375,3102
2026-05-14T12:00:00Z,4700.2001953125,4716.89990234375,4698.39990234375,4711.7998046875,7363
2026-05-14T13:00:00Z,4712.2001953125,4715.2001953125,4671.2998046875,4685.2001953125,13305
2026-05-14T14:00:00Z,4685.0,4707.2998046875,4683.0,4685.7001953125,9451
2026-05-14T15:00:00Z,4685.60009765625,4695.7998046875,4683.0,4691.89990234375,4380
2026-05-14T16:00:00Z,4692.10009765625,4693.5,4676.10009765625,4684.7998046875,5124
2026-05-14T17:00:00Z,4684.39990234375,4689.60009765625,4682.7001953125,4684.2001953125,5545
2026-05-14T18:00:00Z,4684.5,4684.5,4672.5,4677.2998046875,3937
2026-05-14T19:00:00Z,4677.39990234375,4677.39990234375,4658.0,4659.5,5696
2026-05-14T20:00:00Z,4659.60009765625,4663.0,4649.2998046875,4655.39990234375,2804
2026-05-14T22:00:00Z,4654.5,4667.0,4651.0,4666.7001953125,0
2026-05-14T23:00:00Z,4666.39990234375,4670.10009765625,4651.0,4656.7001953125,2992
2026-05-15T00:00:00Z,4656.39990234375,4662.7998046875,4618.2998046875,4635.10009765625,8786
2026-05-15T01:00:00Z,4635.0,4636.7001953125,4611.0,4617.89990234375,7338
2026-05-15T02:00:00Z,4617.89990234375,4627.39990234375,4613.5,4621.89990234375,3538
2026-05-15T03:00:00Z,4621.60009765625,4626.5,4611.2998046875,4619.7998046875,3428
2026-05-15T04:00:00Z,4619.2998046875,4625.89990234375,4608.2001953125,4610.0,2800
2026-05-15T05:00:00Z,4610.0,4610.60009765625,4560.10009765625,4562.89990234375,11957
2026-05-15T06:00:00Z,4562.39990234375,4585.39990234375,4560.5,4574.5,8487
2026-05-15T07:00:00Z,4573.89990234375,4593.7998046875,4569.7998046875,4575.7001953125,8163
2026-05-15T08:00:00Z,4575.60009765625,4576.89990234375,4553.2001953125,4558.89990234375,8723
2026-05-15T09:00:00Z,4559.0,4568.2001953125,4535.39990234375,4549.7998046875,9071
2026-05-15T10:00:00Z,4549.89990234375,4577.0,4548.0,4570.2001953125,8044
2026-05-15T11:00:00Z,4570.5,4574.7998046875,4554.0,4555.89990234375,5014
2026-05-15T12:00:00Z,4556.0,4562.7001953125,4546.2998046875,4550.2001953125,8614
2026-05-15T13:00:00Z,4550.10009765625,4561.89990234375,4513.7998046875,4537.2998046875,19094
2026-05-15T14:00:00Z,4536.89990234375,4570.89990234375,4529.2998046875,4566.7998046875,13635
2026-05-15T15:00:00Z,4567.2998046875,4568.0,4538.0,4543.7998046875,7788
2026-05-15T16:00:00Z,4543.7998046875,4552.39990234375,4533.2001953125,4548.7001953125,5679
2026-05-15T17:00:00Z,4548.5,4568.7001953125,4547.2001953125,4564.0,7373
2026-05-15T18:00:00Z,4564.2998046875,4567.2998046875,4556.5,4563.39990234375,2804
2026-05-15T19:00:00Z,4563.89990234375,4564.2001953125,4548.89990234375,4549.7998046875,3691
2026-05-15T20:00:00Z,4550.2001953125,4561.89990234375,4537.0,4561.89990234375,2058
2026-05-17T22:00:00Z,4557.39990234375,4558.60009765625,4541.39990234375,4549.7001953125,2138
2026-05-17T23:00:00Z,4550.2001953125,4551.39990234375,4535.10009765625,4540.89990234375,1911
2026-05-18T00:00:00Z,4541.0,4546.0,4483.5,4518.5,9809
2026-05-18T01:00:00Z,4518.10009765625,4538.60009765625,4492.10009765625,4527.89990234375,8772
2026-05-18T02:00:00Z,4527.89990234375,4545.89990234375,4524.89990234375,4536.39990234375,4376
2026-05-18T03:00:00Z,4537.0,4551.39990234375,4528.0,4546.7998046875,4319
2026-05-18T04:00:00Z,4545.2001953125,4553.7998046875,4533.39990234375,4544.2001953125,5205
2026-05-18T05:00:00Z,4544.7998046875,4556.0,4533.60009765625,4534.60009765625,5303
2026-05-18T06:00:00Z,4534.2998046875,4551.7998046875,4533.10009765625,4550.5,6923
2026-05-18T07:00:00Z,4551.0,4564.0,4541.60009765625,4550.0,5760
2026-05-18T08:00:00Z,4550.0,4560.89990234375,4546.0,4553.7998046875,3990
2026-05-18T09:00:00Z,4553.89990234375,4555.7001953125,4543.7998046875,4547.0,3695
2026-05-18T10:00:00Z,4546.39990234375,4551.39990234375,4535.60009765625,4543.39990234375,3986
2026-05-18T11:00:00Z,4543.5,4571.89990234375,4533.5,4554.2001953125,9746
2026-05-18T12:00:00Z,4554.39990234375,4579.39990234375,4548.7998046875,4575.2001953125,9361
2026-05-18T13:00:00Z,4575.39990234375,4588.60009765625,4565.39990234375,4579.89990234375,12978
2026-05-18T14:00:00Z,4579.89990234375,4579.89990234375,4542.10009765625,4550.7998046875,15134
2026-05-18T15:00:00Z,4551.0,4552.39990234375,4536.2001953125,4547.7001953125,7691
2026-05-18T16:00:00Z,4548.60009765625,4558.7001953125,4537.60009765625,4554.39990234375,10432
2026-05-18T17:00:00Z,4554.2998046875,4562.5,4549.7998046875,4551.39990234375,5596
2026-05-18T18:00:00Z,4551.2998046875,4552.39990234375,4538.2998046875,4539.7998046875,3632
2026-05-18T19:00:00Z,4539.89990234375,4569.5,4539.10009765625,4562.89990234375,6702
2026-05-18T20:00:00Z,4563.2998046875,4571.60009765625,4562.39990234375,4570.7998046875,1323
2026-05-18T22:00:00Z,4570.60009765625,4582.2998046875,4570.60009765625,4578.2001953125,0
2026-05-18T23:00:00Z,4578.2001953125,4593.2001953125,4577.89990234375,4585.5,2156
2026-05-19T00:00:00Z,4585.39990234375,4593.10009765625,4564.7001953125,4566.2998046875,3854
2026-05-19T01:00:00Z,4565.60009765625,4575.39990234375,4557.60009765625,4567.0,3609
2026-05-19T02:00:00Z,4566.7001953125,4566.7001953125,4548.60009765625,4550.2998046875,4018
2026-05-19T03:00:00Z,4549.89990234375,4558.10009765625,4545.2001953125,4548.89990234375,3526
2026-05-19T04:00:00Z,4547.7998046875,4548.7998046875,4540.89990234375,4545.39990234375,2047
2026-05-19T05:00:00Z,4545.60009765625,4549.89990234375,4533.89990234375,4543.7998046875,4755
2026-05-19T06:00:00Z,4543.7001953125,4557.10009765625,4536.5,4551.2998046875,5310
2026-05-19T07:00:00Z,4550.39990234375,4562.7001953125,4544.7001953125,4560.7001953125,4900
2026-05-19T08:00:00Z,4560.7001953125,4562.5,4539.10009765625,4546.39990234375,5403
2026-05-19T09:00:00Z,4545.7998046875,4550.0,4538.7998046875,4545.0,3629
2026-05-19T10:00:00Z,4544.5,4548.0,4528.60009765625,4547.89990234375,4535
2026-05-19T11:00:00Z,4547.7001953125,4551.5,4533.10009765625,4534.0,3549
2026-05-19T12:00:00Z,4533.7998046875,4550.89990234375,4530.2998046875,4541.60009765625,6508
2026-05-19T13:00:00Z,4540.39990234375,4541.0,4467.10009765625,4506.7001953125,35176
2026-05-19T14:00:00Z,4506.60009765625,4517.0,4487.0,4496.89990234375,16526
2026-05-19T15:00:00Z,4497.89990234375,4512.89990234375,4492.7998046875,4511.7001953125,7388
2026-05-19T16:00:00Z,4512.0,4516.0,4499.5,4511.2001953125,4793
2026-05-19T17:00:00Z,4511.0,4514.60009765625,4502.60009765625,4504.60009765625,4982
2026-05-19T18:00:00Z,4504.5,4507.5,4493.10009765625,4496.7998046875,2427
2026-05-19T19:00:00Z,4496.39990234375,4500.7001953125,4484.7998046875,4487.0,3410
2026-05-19T20:00:00Z,4486.89990234375,4491.89990234375,4484.2998046875,4485.39990234375,1485
2026-05-19T22:00:00Z,4486.60009765625,4488.7998046875,4480.0,4487.60009765625,0
2026-05-19T23:00:00Z,4486.5,4499.5,4482.89990234375,4491.7998046875,2458
2026-05-20T00:00:00Z,4492.2001953125,4512.0,4482.2001953125,4503.89990234375,3532
2026-05-20T01:00:00Z,4503.7998046875,4509.2998046875,4458.0,4484.2998046875,7224
2026-05-20T02:00:00Z,4484.0,4489.60009765625,4460.60009765625,4467.2001953125,4493
2026-05-20T03:00:00Z,4467.39990234375,4469.2001953125,4455.0,4467.10009765625,3805
2026-05-20T04:00:00Z,4465.7998046875,4472.5,4458.60009765625,4464.2001953125,2324
2026-05-20T05:00:00Z,4464.0,4481.7998046875,4463.7998046875,4475.2001953125,3475
2026-05-20T06:00:00Z,4474.7998046875,4481.10009765625,4463.60009765625,4476.7001953125,4796
2026-05-20T07:00:00Z,4476.39990234375,4488.7001953125,4474.5,4480.89990234375,5645
2026-05-20T08:00:00Z,4481.10009765625,4492.7998046875,4479.10009765625,4486.5,5231
2026-05-20T09:00:00Z,4486.2001953125,4494.2001953125,4475.10009765625,4487.5,8041
2026-05-20T10:00:00Z,4487.5,4499.7998046875,4487.2998046875,4497.10009765625,5096
2026-05-20T11:00:00Z,4497.5,4503.7001953125,4493.10009765625,4501.2001953125,5318
2026-05-20T12:00:00Z,4501.0,4508.10009765625,4495.2998046875,4499.0,9966
2026-05-20T13:00:00Z,4499.0,4509.0,4484.60009765625,4485.7001953125,11611
2026-05-20T14:00:00Z,4485.5,4540.5,4469.10009765625,4534.39990234375,26367
2026-05-20T15:00:00Z,4534.7998046875,4558.39990234375,4526.5,4532.10009765625,14832
2026-05-20T16:00:00Z,4532.10009765625,4538.7998046875,4527.10009765625,4537.5,6808
2026-05-20T17:00:00Z,4537.7001953125,4542.0,4533.0,4535.10009765625,6397
2026-05-20T18:00:00Z,4534.60009765625,4548.5,4532.2998046875,4545.60009765625,3543
2026-05-20T19:00:00Z,4545.7998046875,4553.7998046875,4544.89990234375,4548.10009765625,3444
2026-05-20T20:00:00Z,4548.39990234375,4553.2001953125,4544.5,4546.2001953125,2282
2026-05-20T22:00:00Z,4548.0,4549.89990234375,4536.0,4541.2001953125,0
2026-05-20T23:00:00Z,4540.89990234375,4548.60009765625,4535.60009765625,4548.0,1374
2026-05-21T00:00:00Z,4548.2998046875,4554.60009765625,4538.7001953125,4547.0,2182
2026-05-21T01:00:00Z,4548.0,4572.39990234375,4541.39990234375,4562.89990234375,5859
2026-05-21T02:00:00Z,4562.60009765625,4566.7998046875,4533.2001953125,4535.2998046875,3748
2026-05-21T03:00:00Z,4534.60009765625,4541.7001953125,4528.2998046875,4529.89990234375,2257
2026-05-21T04:00:00Z,4529.39990234375,4541.60009765625,4528.39990234375,4540.0,1629
2026-05-21T05:00:00Z,4539.7998046875,4541.60009765625,4519.0,4528.89990234375,3253
2026-05-21T06:00:00Z,4528.0,4541.2001953125,4520.0,4523.10009765625,4701
2026-05-21T07:00:00Z,4522.89990234375,4525.7998046875,4513.2001953125,4520.7998046875,4691
2026-05-21T08:00:00Z,4520.89990234375,4538.2001953125,4519.2001953125,4534.2998046875,5113
2026-05-21T09:00:00Z,4533.7001953125,4544.2001953125,4528.7998046875,4531.7001953125,4265
2026-05-21T10:00:00Z,4531.60009765625,4537.60009765625,4505.7001953125,4511.89990234375,7174
2026-05-21T11:00:00Z,4512.2998046875,4522.5,4508.7998046875,4515.0,3005
2026-05-21T12:00:00Z,4515.2001953125,4520.2001953125,4501.39990234375,4505.0,11145
2026-05-21T13:00:00Z,4505.10009765625,4522.2998046875,4488.2998046875,4513.7001953125,14316
2026-05-21T14:00:00Z,4514.10009765625,4516.7001953125,4499.2001953125,4510.0,22074
2026-05-21T15:00:00Z,4510.5,4517.0,4498.0,4513.0,13713
2026-05-21T16:00:00Z,4513.2001953125,4522.39990234375,4513.10009765625,4520.7001953125,7374
2026-05-21T17:00:00Z,4521.0,4561.2001953125,4515.0,4553.10009765625,16159
2026-05-21T18:00:00Z,4553.0,4557.7998046875,4528.60009765625,4533.7001953125,5574
2026-05-21T19:00:00Z,4533.39990234375,4545.0,4531.2998046875,4544.10009765625,3176
2026-05-21T20:00:00Z,4543.89990234375,4545.89990234375,4540.7998046875,4544.2001953125,2517
2026-05-21T22:00:00Z,4544.2001953125,4547.0,4540.39990234375,4544.10009765625,0
2026-05-21T23:00:00Z,4544.39990234375,4545.7998046875,4532.7001953125,4536.0,934
2026-05-22T00:00:00Z,4536.2001953125,4541.89990234375,4526.5,4528.39990234375,1793
2026-05-22T01:00:00Z,4527.60009765625,4537.2998046875,4521.7001953125,4526.7001953125,2528
2026-05-22T02:00:00Z,4526.89990234375,4530.39990234375,4519.39990234375,4523.7998046875,1882
2026-05-22T03:00:00Z,4523.89990234375,4530.5,4519.7001953125,4529.89990234375,1889
2026-05-22T04:00:00Z,4530.60009765625,4533.7998046875,4526.60009765625,4528.10009765625,1152
2026-05-22T05:00:00Z,4528.39990234375,4535.39990234375,4508.2001953125,4512.39990234375,2984
2026-05-22T06:00:00Z,4511.89990234375,4529.60009765625,4511.10009765625,4527.7001953125,4267
2026-05-22T07:00:00Z,4527.2001953125,4528.2001953125,4516.7001953125,4522.7001953125,3594
2026-05-22T08:00:00Z,4522.7001953125,4531.89990234375,4516.89990234375,4522.89990234375,4597
2026-05-22T09:00:00Z,4522.39990234375,4536.7001953125,4515.0,4532.89990234375,5303
2026-05-22T10:00:00Z,4532.89990234375,4537.60009765625,4511.39990234375,4515.5,5689
2026-05-22T11:00:00Z,4515.7001953125,4525.7998046875,4512.0,4521.5,3528
2026-05-22T12:00:00Z,4521.10009765625,4537.39990234375,4515.7001953125,4529.5,10425
2026-05-22T13:00:00Z,4529.60009765625,4535.7001953125,4510.0,4514.5,10329
2026-05-22T14:00:00Z,4514.5,4515.0,4488.0,4501.39990234375,14962
2026-05-22T15:00:00Z,4501.60009765625,4523.2001953125,4501.0,4521.0,7937
2026-05-22T16:00:00Z,4521.2998046875,4528.39990234375,4512.7998046875,4516.2998046875,5715
2026-05-22T17:00:00Z,4516.5,4529.89990234375,4514.5,4520.2001953125,7341
2026-05-22T18:00:00Z,4520.5,4522.7001953125,4513.5,4517.0,3408
2026-05-22T19:00:00Z,4516.89990234375,4517.7001953125,4505.60009765625,4510.0,3717
2026-05-22T20:00:00Z,4510.10009765625,4523.2001953125,4505.39990234375,4523.2001953125,1621
2026-05-26T04:00:00Z,4542.7001953125,4543.60009765625,4523.89990234375,4526.10009765625,4458
2026-05-26T05:00:00Z,4525.7998046875,4535.60009765625,4523.39990234375,4527.7998046875,3073
2026-05-26T06:00:00Z,4527.89990234375,4536.7001953125,4527.39990234375,4531.7998046875,5367
2026-05-26T07:00:00Z,4531.89990234375,4539.89990234375,4521.7998046875,4538.60009765625,5737
2026-05-26T08:00:00Z,4539.0,4539.60009765625,4520.2001953125,4524.7001953125,8306
2026-05-26T09:00:00Z,4524.2998046875,4527.2001953125,4512.2998046875,4523.10009765625,8433
2026-05-26T10:00:00Z,4523.0,4540.89990234375,4519.5,4534.89990234375,9571
2026-05-26T11:00:00Z,4535.10009765625,4537.0,4503.0,4507.5,14849
2026-05-26T12:00:00Z,4507.10009765625,4524.2998046875,4500.2001953125,4520.7001953125,16727
2026-05-26T13:00:00Z,4520.60009765625,4532.2998046875,4512.60009765625,4514.60009765625,19814
2026-05-26T14:00:00Z,4515.10009765625,4525.60009765625,4508.2998046875,4515.60009765625,16707
2026-05-26T15:00:00Z,4515.60009765625,4515.7998046875,4502.5,4506.7001953125,13472
2026-05-26T16:00:00Z,4506.5,4512.0,4499.2998046875,4505.2001953125,7572
2026-05-26T17:00:00Z,4504.89990234375,4508.89990234375,4487.39990234375,4490.0,20936
2026-05-26T18:00:00Z,4490.0,4499.2001953125,4480.0,4498.7001953125,6964
2026-05-26T19:00:00Z,4499.0,4509.7998046875,4497.2001953125,4508.7001953125,4716
2026-05-26T20:00:00Z,4509.0,4511.7998046875,4504.2998046875,4507.2998046875,0
2026-05-26T22:00:00Z,4507.39990234375,4512.7001953125,4498.89990234375,4510.89990234375,1214
2026-05-26T23:00:00Z,4512.2998046875,4528.10009765625,4504.7001953125,4519.60009765625,1331
2026-05-27T00:00:00Z,4517.39990234375,4525.7998046875,4513.60009765625,4514.60009765625,730
2026-05-27T01:00:00Z,4516.7998046875,4520.2998046875,4506.2001953125,4507.5,891
2026-05-27T02:00:00Z,4508.60009765625,4508.60009765625,4497.7998046875,4505.2001953125,695
2026-05-27T03:00:00Z,4505.2998046875,4510.39990234375,4496.2001953125,4496.2998046875,407
2026-05-27T04:00:00Z,4496.0,4516.2001953125,4494.7998046875,4509.2998046875,858
2026-05-27T05:00:00Z,4508.7998046875,4512.7998046875,4490.5,4496.5,1803
2026-05-27T06:00:00Z,4496.39990234375,4497.7998046875,4478.5,4484.5,2862
2026-05-27T07:00:00Z,4485.2998046875,4520.60009765625,4479.5,4513.2001953125,24479
2026-05-27T08:00:00Z,4513.10009765625,4529.5,4512.2001953125,4528.7001953125,6610
2026-05-27T09:00:00Z,4528.5,4528.7001953125,4517.89990234375,4521.7998046875,7261
2026-05-27T10:00:00Z,4521.60009765625,4522.2998046875,4472.7001953125,4476.2001953125,19486
2026-05-27T11:00:00Z,4476.2998046875,4483.89990234375,4454.2998046875,4458.2998046875,16635
2026-05-27T12:00:00Z,4458.5,4496.5,4457.2998046875,4469.39990234375,23030
2026-05-27T13:00:00Z,4469.2001953125,4469.7001953125,4431.0,4458.2001953125,32963
2026-05-27T14:00:00Z,4458.10009765625,4487.2001953125,4457.0,4465.60009765625,20310
2026-05-27T15:00:00Z,4465.39990234375,4473.0,4459.5,4468.0,11942
2026-05-27T16:00:00Z,4468.10009765625,4485.39990234375,4465.60009765625,4482.39990234375,9219
2026-05-27T17:00:00Z,4482.39990234375,4485.89990234375,4472.7001953125,4481.89990234375,9843
2026-05-27T18:00:00Z,4481.60009765625,4490.0,4479.0,4485.89990234375,2941
2026-05-27T19:00:00Z,4486.0,4486.7001953125,4480.7001953125,4483.0,3755
2026-05-27T20:00:00Z,4482.7998046875,4490.60009765625,4481.7998046875,4488.5,1578
2026-05-27T22:00:00Z,4488.0,4502.0,4485.5,4488.0,0
2026-05-27T23:00:00Z,4487.7001953125,4488.2001953125,4473.2001953125,4477.7001953125,1841
2026-05-28T00:00:00Z,4477.39990234375,4488.7998046875,4474.0,4487.60009765625,1802
2026-05-28T01:00:00Z,4487.89990234375,4489.5,4437.2998046875,4440.39990234375,6831
2026-05-28T02:00:00Z,4441.60009765625,4443.2001953125,4423.0,4424.39990234375,6535
2026-05-28T03:00:00Z,4424.2001953125,4428.39990234375,4398.0,4405.2998046875,6196
2026-05-28T04:00:00Z,4404.2001953125,4411.7998046875,4395.60009765625,4402.2001953125,3492
2026-05-28T05:00:00Z,4402.7001953125,4425.5,4396.10009765625,4417.10009765625,5287
2026-05-28T06:00:00Z,4417.2001953125,4419.89990234375,4403.7998046875,4413.2998046875,4737
2026-05-28T07:00:00Z,4413.60009765625,4426.0,4412.39990234375,4417.2001953125,5568
2026-05-28T08:00:00Z,4417.5,4424.7998046875,4415.60009765625,4416.7998046875,3734
2026-05-28T09:00:00Z,4416.2998046875,4429.0,4416.10009765625,4424.0,4114
2026-05-28T10:00:00Z,4424.10009765625,4434.2998046875,4405.5,4413.60009765625,5963
2026-05-28T11:00:00Z,4413.0,4421.0,4410.89990234375,4418.2001953125,3607
2026-05-28T12:00:00Z,4417.89990234375,4464.0,4409.7998046875,4461.89990234375,11792
2026-05-28T13:00:00Z,4462.2998046875,4469.39990234375,4448.0,4460.60009765625,12835
2026-05-28T14:00:00Z,4460.10009765625,4511.39990234375,4450.60009765625,4500.2998046875,25430
2026-05-28T15:00:00Z,4500.7001953125,4515.89990234375,4499.39990234375,4512.5,7872
2026-05-28T16:00:00Z,4512.89990234375,4542.0,4507.5,4541.7998046875,10682
2026-05-28T17:00:00Z,4541.89990234375,4545.39990234375,4531.5,4539.2001953125,7531
2026-05-28T18:00:00Z,4539.2001953125,4547.10009765625,4529.2998046875,4532.5,4776
2026-05-28T19:00:00Z,4532.2001953125,4534.60009765625,4528.0,4528.7001953125,3487
2026-05-28T20:00:00Z,4528.7001953125,4531.7001953125,4525.60009765625,4527.2998046875,1792
2026-05-28T22:00:00Z,4527.60009765625,4530.2998046875,4521.60009765625,4521.7001953125,0
2026-05-28T23:00:00Z,4522.5,4527.89990234375,4519.5,4525.60009765625,1243
2026-05-29T00:00:00Z,4525.5,4531.5,4522.5,4525.2998046875,2056
2026-05-29T01:00:00Z,4526.0,4551.2001953125,4522.7001953125,4536.89990234375,5033
2026-05-29T02:00:00Z,4536.60009765625,4541.39990234375,4528.39990234375,4531.7001953125,2334
2026-05-29T03:00:00Z,4532.0,4532.2001953125,4525.2001953125,4530.89990234375,1982
2026-05-29T04:00:00Z,4531.39990234375,4545.39990234375,4531.39990234375,4544.7001953125,2426
2026-05-29T05:00:00Z,4544.60009765625,4547.0,4533.0,4545.7998046875,3525
2026-05-29T06:00:00Z,4546.10009765625,4554.89990234375,4540.7001953125,4554.39990234375,4965
2026-05-29T07:00:00Z,4554.2001953125,4557.2001953125,4541.2998046875,4555.5,5830
2026-05-29T08:00:00Z,4555.0,4555.5,4540.0,4544.7001953125,3905
2026-05-29T09:00:00Z,4545.2001953125,4571.2001953125,4543.39990234375,4562.0,7602
2026-05-29T10:00:00Z,4562.0,4574.39990234375,4556.39990234375,4569.60009765625,3657
2026-05-29T11:00:00Z,4569.39990234375,4571.7001953125,4556.7001953125,4569.10009765625,4027
2026-05-29T12:00:00Z,4569.2001953125,4569.2998046875,4543.39990234375,4554.0,6399
2026-05-29T13:00:00Z,4553.60009765625,4571.0,4547.5,4567.2998046875,8304
2026-05-29T14:00:00Z,4567.0,4604.10009765625,4556.10009765625,4595.2001953125,17995
2026-05-29T15:00:00Z,4596.10009765625,4627.10009765625,4587.2998046875,4602.10009765625,21304
2026-05-29T16:00:00Z,4602.10009765625,4604.5,4590.5,4597.7001953125,6344
2026-05-29T17:00:00Z,4597.7998046875,4599.2998046875,4582.39990234375,4584.39990234375,5782
2026-05-29T18:00:00Z,4584.2001953125,4592.7001953125,4581.60009765625,4584.2001953125,2820
2026-05-29T19:00:00Z,4584.2998046875,4591.39990234375,4574.10009765625,4576.7998046875,4106
2026-05-29T20:00:00Z,4576.89990234375,4593.0,4567.2998046875,4593.0,1797
2026-05-31T22:00:00Z,4555.2998046875,4571.10009765625,4554.10009765625,4565.89990234375,1372
2026-05-31T23:00:00Z,4566.2001953125,4576.39990234375,4565.89990234375,4570.7001953125,1950
2026-06-01T00:00:00Z,4570.5,4577.2998046875,4565.5,4571.39990234375,2361
2026-06-01T01:00:00Z,4571.2001953125,4572.10009765625,4554.39990234375,4556.2001953125,3504
2026-06-01T02:00:00Z,4556.10009765625,4565.7001953125,4551.39990234375,4552.0,2019
2026-06-01T03:00:00Z,4551.7001953125,4556.2998046875,4540.2998046875,4546.0,2803
2026-06-01T04:00:00Z,4546.89990234375,4550.10009765625,4537.60009765625,4544.7001953125,1842
2026-06-01T05:00:00Z,4544.7998046875,4555.39990234375,4542.7001953125,4548.2001953125,2089
2026-06-01T06:00:00Z,4548.10009765625,4548.60009765625,4529.10009765625,4531.7001953125,4367
2026-06-01T07:00:00Z,4531.60009765625,4540.2001953125,4522.10009765625,4532.7001953125,4450
2026-06-01T08:00:00Z,4533.0,4534.5,4519.60009765625,4527.39990234375,4106
2026-06-01T09:00:00Z,4527.60009765625,4536.2001953125,4518.60009765625,4525.60009765625,4864
2026-06-01T10:00:00Z,4525.89990234375,4540.89990234375,4525.89990234375,4534.10009765625,2940
2026-06-01T11:00:00Z,4534.2001953125,4542.7998046875,4529.7001953125,4536.0,3192
2026-06-01T12:00:00Z,4535.7998046875,4540.39990234375,4527.60009765625,4532.0,5394
2026-06-01T13:00:00Z,4532.2998046875,4533.7998046875,4476.2001953125,4480.10009765625,21180
2026-06-01T14:00:00Z,4479.10009765625,4494.89990234375,4476.0,4488.5,12274
2026-06-01T15:00:00Z,4489.0,4510.5,4485.0,4504.10009765625,9756
2026-06-01T16:00:00Z,4504.7001953125,4513.10009765625,4493.10009765625,4510.60009765625,6521
2026-06-01T17:00:00Z,4510.89990234375,4525.60009765625,4501.39990234375,4517.5,8859
2026-06-01T18:00:00Z,4517.39990234375,4520.2001953125,4514.7998046875,4516.7998046875,1632
2026-06-01T19:00:00Z,4516.5,4518.2001953125,4509.10009765625,4511.10009765625,2675
2026-06-01T20:00:00Z,4511.2001953125,4515.7001953125,4510.2001953125,4514.7998046875,1681
2026-06-01T22:00:00Z,4515.7998046875,4517.89990234375,4509.5,4515.2998046875,0
2026-06-01T23:00:00Z,4515.2998046875,4518.60009765625,4508.2001953125,4514.2998046875,1281
2026-06-02T00:00:00Z,4514.39990234375,4526.7998046875,4506.2998046875,4511.0,2641
2026-06-02T01:00:00Z,4510.7001953125,4522.0,4492.2998046875,4503.60009765625,5185
2026-06-02T02:00:00Z,4503.7001953125,4516.39990234375,4502.0,4516.2001953125,3035
2026-06-02T03:00:00Z,4515.7998046875,4530.0,4515.60009765625,4528.39990234375,3113
2026-06-02T04:00:00Z,4529.2998046875,4548.60009765625,4528.0,4547.7001953125,3902
2026-06-02T05:00:00Z,4547.7001953125,4558.7998046875,4545.7001953125,4547.0,4575
2026-06-02T06:00:00Z,4546.89990234375,4568.7998046875,4546.89990234375,4566.0,6064
2026-06-02T07:00:00Z,4565.7998046875,4571.2998046875,4558.0,4565.2001953125,4952
2026-06-02T08:00:00Z,4565.2001953125,4569.2998046875,4556.10009765625,4557.0,3327
2026-06-02T09:00:00Z,4557.10009765625,4565.89990234375,4550.89990234375,4559.39990234375,5891
2026-06-02T10:00:00Z,4559.7001953125,4563.5,4554.10009765625,4563.10009765625,2316
2026-06-02T11:00:00Z,4563.0,4564.2001953125,4555.2001953125,4557.2998046875,2262
2026-06-02T12:00:00Z,4557.5,4563.7998046875,4542.7998046875,4544.0,7081
2026-06-02T13:00:00Z,4544.2998046875,4554.39990234375,4532.10009765625,4532.10009765625,8375
2026-06-02T14:00:00Z,4532.0,4536.7998046875,4519.39990234375,4533.7001953125,9964
2026-06-02T15:00:00Z,4533.39990234375,4538.2001953125,4529.5,4531.7001953125,5302
2026-06-02T16:00:00Z,4531.7001953125,4532.7998046875,4515.60009765625,4521.2998046875,5675
2026-06-02T17:00:00Z,4521.2001953125,4522.7001953125,4511.2998046875,4514.0,5045
2026-06-02T18:00:00Z,4514.2998046875,4520.2001953125,4508.0,4516.89990234375,3235
2026-06-02T19:00:00Z,4517.0,4520.2001953125,4513.2001953125,4517.7001953125,1853
2026-06-02T20:00:00Z,4517.7998046875,4521.0,4516.10009765625,4519.2001953125,990
2026-06-02T22:00:00Z,4520.0,4522.7001953125,4512.89990234375,4514.0,0
2026-06-02T23:00:00Z,4514.2001953125,4517.60009765625,4490.5,4502.89990234375,5432
2026-06-03T00:00:00Z,4502.60009765625,4525.10009765625,4502.60009765625,4514.39990234375,3074
2026-06-03T01:00:00Z,4514.2001953125,4516.0,4491.2001953125,4504.0,5957
2026-06-03T02:00:00Z,4504.0,4513.10009765625,4500.7998046875,4509.7998046875,2927
2026-06-03T03:00:00Z,4510.10009765625,4515.5,4510.10009765625,4512.0,1264
2026-06-03T04:00:00Z,4512.39990234375,4516.10009765625,4496.39990234375,4497.5,1742
2026-06-03T05:00:00Z,4497.2001953125,4502.2001953125,4484.7998046875,4485.7998046875,3961
2026-06-03T06:00:00Z,4485.39990234375,4499.2998046875,4483.7001953125,4491.7001953125,4252
2026-06-03T07:00:00Z,4491.39990234375,4500.5,4481.10009765625,4481.60009765625,4607
2026-06-03T08:00:00Z,4481.7998046875,4487.7998046875,4468.2001953125,4472.2998046875,5944
2026-06-03T09:00:00Z,4472.2998046875,4487.5,4467.2001953125,4471.2998046875,6054
2026-06-03T10:00:00Z,4471.7001953125,4496.0,4469.5,4487.7001953125,4638
2026-06-03T11:00:00Z,4487.7998046875,4496.5,4487.0,4490.60009765625,2303
2026-06-03T12:00:00Z,4490.89990234375,4495.60009765625,4476.2998046875,4488.60009765625,5977
2026-06-03T13:00:00Z,4488.5,4494.5,4454.0,4475.2001953125,12532
2026-06-03T14:00:00Z,4473.89990234375,4488.2998046875,4470.5,4485.2998046875,7807
2026-06-03T15:00:00Z,4485.7001953125,4486.5,4464.7998046875,4469.7998046875,4959
2026-06-03T16:00:00Z,4470.0,4472.10009765625,4461.10009765625,4469.39990234375,4378
2026-06-03T17:00:00Z,4469.89990234375,4476.7998046875,4463.39990234375,4467.2001953125,4622
2026-06-03T18:00:00Z,4467.10009765625,4470.89990234375,4462.0,4470.10009765625,2389
2026-06-03T19:00:00Z,4469.7998046875,4480.0,4469.5,4472.0,3531
2026-06-03T20:00:00Z,4471.89990234375,4473.60009765625,4458.60009765625,4462.7001953125,2452
2026-06-03T22:00:00Z,4462.60009765625,4479.2001953125,4450.10009765625,4475.2998046875,0
2026-06-03T23:00:00Z,4475.5,4491.2001953125,4471.5,4483.5,2582
2026-06-04T00:00:00Z,4484.0,4491.7998046875,4470.60009765625,4475.60009765625,2142
2026-06-04T01:00:00Z,4475.0,4500.7998046875,4470.0,4492.5,4079
2026-06-04T02:00:00Z,4492.10009765625,4504.2001953125,4482.5,4502.0,3216
2026-06-04T03:00:00Z,4501.7001953125,4504.2001953125,4485.10009765625,4490.60009765625,2333
2026-06-04T04:00:00Z,4490.60009765625,4511.2001953125,4489.10009765625,4508.10009765625,3061
2026-06-04T05:00:00Z,4508.2001953125,4509.60009765625,4493.5,4496.0,2816
2026-06-04T06:00:00Z,4495.7998046875,4504.2998046875,4489.7998046875,4494.7001953125,3389
2026-06-04T07:00:00Z,4495.0,4497.7001953125,4486.2001953125,4488.5,2587
2026-06-04T08:00:00Z,4488.39990234375,4496.10009765625,4485.39990234375,4490.2001953125,2898
2026-06-04T09:00:00Z,4489.89990234375,4503.2998046875,4487.7001953125,4498.2001953125,3809
2026-06-04T10:00:00Z,4497.89990234375,4501.7001953125,4491.89990234375,4501.60009765625,2386
2026-06-04T11:00:00Z,4501.60009765625,4542.39990234375,4496.39990234375,4539.2001953125,9500
2026-06-04T12:00:00Z,4539.10009765625,4541.89990234375,4518.7998046875,4531.60009765625,9388
2026-06-04T13:00:00Z,4531.60009765625,4543.2001953125,4523.2998046875,4523.7001953125,7856
2026-06-04T14:00:00Z,4523.39990234375,4528.0,4483.7998046875,4493.10009765625,15279
2026-06-04T15:00:00Z,4493.2001953125,4506.60009765625,4490.60009765625,4504.89990234375,9260
2026-06-04T16:00:00Z,4504.89990234375,4513.2001953125,4502.7998046875,4510.7998046875,7936
2026-06-04T17:00:00Z,4510.5,4510.5,4502.0,4506.0,4630
2026-06-04T18:00:00Z,4506.10009765625,4508.7998046875,4500.0,4505.89990234375,2237
2026-06-04T19:00:00Z,4506.10009765625,4511.2998046875,4503.89990234375,4508.89990234375,2341
2026-06-04T20:00:00Z,4508.5,4509.2998046875,4502.2998046875,4502.39990234375,1315
2026-06-04T22:00:00Z,4503.0,4508.7001953125,4496.0,4496.89990234375,0
2026-06-04T23:00:00Z,4497.0,4501.10009765625,4487.7001953125,4488.39990234375,1953
2026-06-05T00:00:00Z,4488.2001953125,4493.89990234375,4477.5,4485.7998046875,3027
2026-06-05T01:00:00Z,4485.7998046875,4497.0,4470.7001953125,4473.2998046875,5576
2026-06-05T02:00:00Z,4473.39990234375,4481.60009765625,4464.5,4467.10009765625,4431
2026-06-05T03:00:00Z,4466.7001953125,4470.10009765625,4461.2001953125,4468.39990234375,2258
2026-06-05T04:00:00Z,4468.7001953125,4472.89990234375,4463.7998046875,4471.0,1908
2026-06-05T05:00:00Z,4471.0,4476.10009765625,4464.89990234375,4465.89990234375,2702
2026-06-05T06:00:00Z,4466.39990234375,4483.2001953125,4454.7998046875,4479.7001953125,5810
2026-06-05T07:00:00Z,4479.89990234375,4494.2001953125,4478.7001953125,4487.7001953125,3762
2026-06-05T08:00:00Z,4487.2998046875,4495.39990234375,4485.5,4489.7998046875,2190
2026-06-05T09:00:00Z,4489.60009765625,4496.60009765625,4485.7998046875,4491.89990234375,4905
2026-06-05T10:00:00Z,4491.60009765625,4495.0,4488.7001953125,4493.7001953125,1918
2026-06-05T11:00:00Z,4493.2001953125,4502.2001953125,4484.7998046875,4497.0,3213
2026-06-05T12:00:00Z,4497.39990234375,4502.7998046875,4430.10009765625,4432.10009765625,19016
2026-06-05T13:00:00Z,4432.0,4446.60009765625,4390.0,4390.5,26144
2026-06-05T14:00:00Z,4390.39990234375,4404.2001953125,4369.39990234375,4394.60009765625,28089
2026-06-05T15:00:00Z,4394.60009765625,4397.2998046875,4358.7998046875,4360.39990234375,12096
2026-06-05T16:00:00Z,4360.2998046875,4370.2998046875,4347.5,4369.10009765625,11479
2026-06-05T17:00:00Z,4369.2998046875,4372.0,4360.2001953125,4366.2001953125,9819
2026-06-05T18:00:00Z,4366.7998046875,4366.7998046875,4339.7998046875,4346.7001953125,9937
2026-06-05T19:00:00Z,4347.39990234375,4349.5,4338.2998046875,4343.5,6585
2026-06-05T20:00:00Z,4343.7001953125,4365.2998046875,4336.60009765625,4365.2998046875,4141
2026-06-07T22:00:00Z,4342.2001953125,4354.7001953125,4337.2998046875,4341.39990234375,2919
2026-06-07T23:00:00Z,4341.5,4371.0,4341.39990234375,4367.89990234375,2778
2026-06-08T00:00:00Z,4367.0,4377.5,4363.10009765625,4366.0,3579
2026-06-08T01:00:00Z,4365.60009765625,4369.5,4323.60009765625,4349.60009765625,8305
2026-06-08T02:00:00Z,4350.2001953125,4354.7998046875,4331.0,4334.5,4973
2026-06-08T03:00:00Z,4334.89990234375,4341.10009765625,4327.39990234375,4339.7998046875,2880
2026-06-08T04:00:00Z,4342.0,4346.39990234375,4331.7998046875,4337.2001953125,2225
2026-06-08T05:00:00Z,4337.10009765625,4340.10009765625,4293.0,4317.5,8600
2026-06-08T06:00:00Z,4316.7998046875,4336.5,4316.7998046875,4325.2998046875,5186
2026-06-08T07:00:00Z,4325.10009765625,4342.0,4319.2998046875,4319.89990234375,5779
2026-06-08T08:00:00Z,4319.2998046875,4322.39990234375,4309.60009765625,4313.10009765625,6573
2026-06-08T09:00:00Z,4313.5,4326.39990234375,4297.10009765625,4318.7998046875,7699
2026-06-08T10:00:00Z,4319.0,4330.2998046875,4310.60009765625,4326.39990234375,4891
2026-06-08T11:00:00Z,4326.2001953125,4358.5,4321.2998046875,4356.2998046875,9552
2026-06-08T12:00:00Z,4355.7001953125,4364.7998046875,4344.7998046875,4358.0,8759
2026-06-08T13:00:00Z,4358.10009765625,4371.5,4345.7001953125,4351.7998046875,11828
2026-06-08T14:00:00Z,4351.2998046875,4356.2998046875,4339.0,4355.7998046875,11690
2026-06-08T15:00:00Z,4356.2998046875,4370.0,4346.89990234375,4366.10009765625,8803
2026-06-08T16:00:00Z,4365.89990234375,4371.0,4362.2001953125,4365.0,4258
2026-06-08T17:00:00Z,4365.10009765625,4366.7998046875,4356.60009765625,4363.39990234375,6531
2026-06-08T18:00:00Z,4363.2998046875,4370.2001953125,4357.10009765625,4358.7998046875,3858
2026-06-08T19:00:00Z,4358.7001953125,4362.2998046875,4346.60009765625,4350.2998046875,4505
2026-06-08T20:00:00Z,4350.5,4354.39990234375,4348.0,4353.7998046875,1396
2026-06-08T22:00:00Z,4354.7001953125,4363.39990234375,4345.7998046875,4351.5,0
2026-06-08T23:00:00Z,4350.89990234375,4352.39990234375,4336.0,4340.89990234375,1894
2026-06-09T00:00:00Z,4340.89990234375,4347.5,4338.7998046875,4344.10009765625,2452
2026-06-09T01:00:00Z,4344.0,4362.89990234375,4342.5,4360.7998046875,4070
2026-06-09T02:00:00Z,4360.89990234375,4365.7001953125,4352.7001953125,4360.39990234375,2458
2026-06-09T03:00:00Z,4360.10009765625,4366.5,4355.2001953125,4359.7998046875,2613
2026-06-09T04:00:00Z,4360.7998046875,4364.10009765625,4348.60009765625,4356.5,2376
2026-06-09T05:00:00Z,4356.89990234375,4375.7001953125,4354.7998046875,4367.89990234375,3338
2026-06-09T06:00:00Z,4368.10009765625,4373.2001953125,4354.10009765625,4354.39990234375,3574
2026-06-09T07:00:00Z,4354.39990234375,4358.89990234375,4346.0,4350.2001953125,3794
2026-06-09T08:00:00Z,4350.10009765625,4360.7998046875,4344.5,4350.39990234375,3357
2026-06-09T09:00:00Z,4350.2001953125,4359.5,4347.89990234375,4356.0,3675
2026-06-09T10:00:00Z,4356.0,4365.2001953125,4349.10009765625,4363.2998046875,3633
2026-06-09T11:00:00Z,4363.2998046875,4368.2998046875,4359.89990234375,4364.2998046875,2577
2026-06-09T12:00:00Z,4364.39990234375,4369.0,4359.0,4365.39990234375,5434
2026-06-09T13:00:00Z,4366.10009765625,4388.60009765625,4349.10009765625,4353.2001953125,13662
2026-06-09T14:00:00Z,4352.89990234375,4360.2998046875,4302.10009765625,4325.0,20832
2026-06-09T15:00:00Z,4324.7998046875,4326.39990234375,4287.10009765625,4296.7001953125,13547
2026-06-09T16:00:00Z,4296.5,4305.2998046875,4259.89990234375,4276.0,18406
2026-06-09T17:00:00Z,4276.10009765625,4292.7001953125,4275.10009765625,4287.2001953125,11571
2026-06-09T18:00:00Z,4287.5,4298.7998046875,4283.60009765625,4294.39990234375,3469
2026-06-09T19:00:00Z,4294.60009765625,4296.10009765625,4274.0,4282.7001953125,4787
2026-06-09T20:00:00Z,4282.7998046875,4286.10009765625,4280.0,4284.7998046875,1157
2026-06-09T22:00:00Z,4276.10009765625,4281.10009765625,4255.39990234375,4260.39990234375,0
2026-06-09T23:00:00Z,4260.10009765625,4270.60009765625,4233.0,4245.10009765625,5370
2026-06-10T00:00:00Z,4245.2001953125,4251.10009765625,4222.0,4241.60009765625,5697
2026-06-10T01:00:00Z,4242.2001953125,4242.5,4207.2001953125,4212.2001953125,8495
2026-06-10T02:00:00Z,4212.89990234375,4216.5,4196.89990234375,4197.7998046875,6025
2026-06-10T03:00:00Z,4197.5,4210.2001953125,4195.5,4208.2001953125,2830
2026-06-10T04:00:00Z,4208.89990234375,4211.2001953125,4194.2001953125,4198.0,2101
2026-06-10T05:00:00Z,4197.7001953125,4232.2001953125,4196.2998046875,4228.7001953125,4746
2026-06-10T06:00:00Z,4228.60009765625,4245.5,4225.10009765625,4227.10009765625,5390
2026-06-10T07:00:00Z,4226.7001953125,4231.0,4205.0,4209.7001953125,5807
2026-06-10T08:00:00Z,4209.39990234375,4211.0,4184.0,4191.7001953125,9850
2026-06-10T09:00:00Z,4192.0,4202.60009765625,4185.60009765625,4191.60009765625,7157
2026-06-10T10:00:00Z,4191.60009765625,4201.5,4178.5,4197.5,5985
2026-06-10T11:00:00Z,4197.5,4198.60009765625,4168.2001953125,4170.2001953125,10724
2026-06-10T12:00:00Z,4169.89990234375,4197.2998046875,4152.0,4169.60009765625,20336
2026-06-10T13:00:00Z,4170.10009765625,4209.5,4154.89990234375,4203.0,21755
2026-06-10T14:00:00Z,4202.60009765625,4204.10009765625,4139.7001953125,4147.10009765625,16028
2026-06-10T15:00:00Z,4147.7001953125,4159.7001953125,4129.60009765625,4151.89990234375,17546
2026-06-10T16:00:00Z,4152.7001953125,4158.7998046875,4138.7001953125,4144.60009765625,8394
2026-06-10T17:00:00Z,4144.5,4157.60009765625,4123.5,4134.89990234375,13691
2026-06-10T18:00:00Z,4135.2998046875,4144.0,4120.2001953125,4125.0,5372
2026-06-10T19:00:00Z,4125.39990234375,4125.7998046875,4105.0,4106.2001953125,8585
2026-06-10T20:00:00Z,4106.0,4106.39990234375,4090.10009765625,4094.10009765625,4027
2026-06-10T22:00:00Z,4094.39990234375,4094.39990234375,4059.199951171875,4069.10009765625,0
2026-06-10T23:00:00Z,4069.199951171875,4087.199951171875,4046.199951171875,4069.699951171875,6250
2026-06-11T00:00:00Z,4070.89990234375,4100.0,4058.0,4097.5,9399
2026-06-11T01:00:00Z,4097.2998046875,4138.5,4087.39990234375,4122.39990234375,15001
2026-06-11T02:00:00Z,4122.7998046875,4122.89990234375,4073.39990234375,4089.300048828125,7475
2026-06-11T03:00:00Z,4089.39990234375,4099.7998046875,4078.10009765625,4095.5,3870
2026-06-11T04:00:00Z,4094.39990234375,4107.39990234375,4091.199951171875,4103.7998046875,3031
2026-06-11T05:00:00Z,4104.2998046875,4127.39990234375,4093.800048828125,4115.5,5095
2026-06-11T06:00:00Z,4115.0,4118.5,4097.0,4115.7001953125,4578
2026-06-11T07:00:00Z,4115.60009765625,4131.5,4112.0,4125.7998046875,6488
2026-06-11T08:00:00Z,4125.7001953125,4133.60009765625,4105.60009765625,4105.60009765625,5467
2026-06-11T09:00:00Z,4105.0,4117.5,4098.10009765625,4112.39990234375,5149
2026-06-11T10:00:00Z,4111.7998046875,4115.60009765625,4107.2001953125,4110.2998046875,2539
2026-06-11T11:00:00Z,4110.2998046875,4116.39990234375,4100.2001953125,4100.7001953125,4443
2026-06-11T12:00:00Z,4100.89990234375,4107.7998046875,4078.0,4102.5,12489
2026-06-11T13:00:00Z,4102.7001953125,4114.2998046875,4088.0,4104.2998046875,12299
2026-06-11T14:00:00Z,4104.0,4106.60009765625,4072.800048828125,4094.39990234375,14400
2026-06-11T15:00:00Z,4094.199951171875,4116.7998046875,4090.89990234375,4110.0,9703
2026-06-11T16:00:00Z,4110.2001953125,4129.0,4098.89990234375,4101.2001953125,7687
2026-06-11T17:00:00Z,4101.5,4191.7998046875,4092.89990234375,4173.2001953125,26850
2026-06-11T18:00:00Z,4173.2001953125,4193.0,4152.0,4183.10009765625,11568
2026-06-11T19:00:00Z,4183.5,4241.2998046875,4183.5,4229.89990234375,13812
2026-06-11T20:00:00Z,4230.2001953125,4240.0,4229.2001953125,4233.7998046875,3933
2026-06-11T22:00:00Z,4234.89990234375,4267.7998046875,4226.2001953125,4264.2001953125,0
2026-06-11T23:00:00Z,4264.5,4267.2001953125,4234.60009765625,4240.60009765625,3490
2026-06-12T00:00:00Z,4240.10009765625,4251.7001953125,4221.39990234375,4229.0,4643
2026-06-12T01:00:00Z,4229.7001953125,4232.39990234375,4192.89990234375,4208.2001953125,7376
2026-06-12T02:00:00Z,4208.2001953125,4221.89990234375,4204.2001953125,4213.5,2896
2026-06-12T03:00:00Z,4212.7001953125,4226.7001953125,4211.39990234375,4220.89990234375,2318
2026-06-12T04:00:00Z,4219.0,4222.60009765625,4211.10009765625,4211.89990234375,1397
2026-06-12T05:00:00Z,4211.7998046875,4214.39990234375,4192.10009765625,4194.7001953125,3268
2026-06-12T06:00:00Z,4194.7001953125,4207.0,4193.7001953125,4205.39990234375,3332
2026-06-12T07:00:00Z,4205.5,4215.2001953125,4191.10009765625,4215.2001953125,5707
2026-06-12T08:00:00Z,4215.89990234375,4247.7001953125,4213.2001953125,4241.2001953125,7808
2026-06-12T09:00:00Z,4241.39990234375,4249.60009765625,4239.10009765625,4243.10009765625,5599
2026-06-12T10:00:00Z,4242.89990234375,4246.7001953125,4223.60009765625,4231.89990234375,4817
2026-06-12T11:00:00Z,4232.2998046875,4236.2998046875,4218.10009765625,4227.7998046875,4085
2026-06-12T12:00:00Z,4227.89990234375,4236.2998046875,4209.2998046875,4212.2998046875,9011
2026-06-12T13:00:00Z,4212.10009765625,4231.2001953125,4203.0,4206.7001953125,11695
2026-06-12T14:00:00Z,4207.39990234375,4229.5,4197.5,4224.89990234375,13983
2026-06-12T15:00:00Z,4224.89990234375,4256.7998046875,4221.0,4232.39990234375,12300
2026-06-12T16:00:00Z,4232.2998046875,4254.10009765625,4228.60009765625,4236.5,7092
2026-06-12T17:00:00Z,4236.5,4247.10009765625,4234.0,4241.7998046875,6316
2026-06-12T18:00:00Z,4242.2001953125,4256.2001953125,4234.89990234375,4236.2001953125,4806
2026-06-12T19:00:00Z,4236.2001953125,4240.7998046875,4223.2001953125,4231.89990234375,4469
2026-06-12T20:00:00Z,4231.60009765625,4240.60009765625,4230.7001953125,4238.7998046875,1729
2026-06-14T22:00:00Z,4325.60009765625,4327.0,4300.0,4305.7998046875,4983
2026-06-14T23:00:00Z,4305.60009765625,4315.39990234375,4301.2998046875,4314.2998046875,3312
2026-06-15T00:00:00Z,4314.2998046875,4328.5,4312.7001953125,4313.10009765625,5140
2026-06-15T01:00:00Z,4313.89990234375,4340.7001953125,4306.39990234375,4337.5,5800
2026-06-15T02:00:00Z,4337.10009765625,4356.7998046875,4337.10009765625,4350.7001953125,5070
2026-06-15T03:00:00Z,4350.5,4352.5,4342.5,4345.7001953125,2438
2026-06-15T04:00:00Z,4346.39990234375,4351.7001953125,4341.7001953125,4349.5,1731
2026-06-15T05:00:00Z,4349.2001953125,4353.89990234375,4328.60009765625,4331.39990234375,3384
2026-06-15T06:00:00Z,4331.5,4334.39990234375,4321.60009765625,4329.10009765625,3909
2026-06-15T07:00:00Z,4329.2001953125,4346.0,4326.10009765625,4344.2998046875,4514
2026-06-15T08:00:00Z,4344.10009765625,4366.10009765625,4342.7001953125,4355.39990234375,6463
2026-06-15T09:00:00Z,4355.5,4364.39990234375,4355.10009765625,4357.7001953125,5858
2026-06-15T10:00:00Z,4357.89990234375,4362.7998046875,4356.2998046875,4359.10009765625,3052
2026-06-15T11:00:00Z,4359.0,4368.89990234375,4352.89990234375,4356.60009765625,4567
2026-06-15T12:00:00Z,4356.60009765625,4370.7998046875,4345.2998046875,4370.5,7662
2026-06-15T13:00:00Z,4370.39990234375,4390.7998046875,4362.7998046875,4376.7998046875,14176
2026-06-15T14:00:00Z,4376.7001953125,4391.5,4375.5,4378.5,12336
2026-06-15T15:00:00Z,4378.2998046875,4382.7998046875,4370.60009765625,4377.60009765625,7472
2026-06-15T16:00:00Z,4377.7998046875,4380.2998046875,4355.89990234375,4360.60009765625,6150
2026-06-15T17:00:00Z,4360.5,4360.5,4341.7001953125,4346.0,6309
2026-06-15T18:00:00Z,4346.2001953125,4349.7001953125,4339.10009765625,4347.2998046875,3362
2026-06-15T19:00:00Z,4347.5,4348.2998046875,4338.2001953125,4342.39990234375,3198
2026-06-15T20:00:00Z,4342.60009765625,4343.89990234375,4328.5,4331.0,2330
2026-06-15T22:00:00Z,4331.2998046875,4337.2998046875,4326.7001953125,4333.10009765625,0
2026-06-15T23:00:00Z,4333.7001953125,4340.7998046875,4332.7998046875,4337.2998046875,1937
2026-06-16T00:00:00Z,4336.60009765625,4341.60009765625,4327.39990234375,4340.2998046875,3273
2026-06-16T01:00:00Z,4340.2998046875,4346.7998046875,4332.7998046875,4334.0,3413
2026-06-16T02:00:00Z,4334.60009765625,4341.60009765625,4328.0,4339.7001953125,2285
2026-06-16T03:00:00Z,4339.7998046875,4354.10009765625,4336.60009765625,4351.39990234375,1857
2026-06-16T04:00:00Z,4352.10009765625,4353.0,4342.10009765625,4343.2001953125,1433
2026-06-16T05:00:00Z,4343.39990234375,4351.89990234375,4335.5,4337.2001953125,2538
2026-06-16T06:00:00Z,4337.39990234375,4345.5,4334.2001953125,4345.0,2627
2026-06-16T07:00:00Z,4345.10009765625,4357.10009765625,4343.5,4356.60009765625,2838
2026-06-16T08:00:00Z,4356.39990234375,4369.5,4354.2001953125,4368.2998046875,3940
2026-06-16T09:00:00Z,4368.10009765625,4369.7998046875,4359.39990234375,4366.2001953125,4587
2026-06-16T10:00:00Z,4366.2001953125,4369.89990234375,4363.10009765625,4369.89990234375,2217
2026-06-16T11:00:00Z,4369.89990234375,4370.60009765625,4355.7001953125,4361.39990234375,4577
2026-06-16T12:00:00Z,4361.60009765625,4376.5,4358.2001953125,4375.89990234375,5684
2026-06-16T13:00:00Z,4375.89990234375,4376.5,4352.60009765625,4352.7001953125,7907
2026-06-16T14:00:00Z,4352.5,4360.0,4333.7001953125,4344.39990234375,11778
2026-06-16T15:00:00Z,4344.39990234375,4364.5,4341.39990234375,4355.7001953125,6929
2026-06-16T16:00:00Z,4355.60009765625,4368.10009765625,4355.39990234375,4361.7998046875,4793
2026-06-16T17:00:00Z,4361.5,4362.2998046875,4346.39990234375,4361.5,5901
2026-06-16T18:00:00Z,4361.7998046875,4364.39990234375,4357.39990234375,4360.0,1886
2026-06-16T19:00:00Z,4359.60009765625,4364.2998046875,4352.39990234375,4355.60009765625,2650
2026-06-16T20:00:00Z,4355.2998046875,4356.7001953125,4351.2998046875,4353.0,1142
2026-06-16T22:00:00Z,4352.60009765625,4355.89990234375,4348.7001953125,4355.0,0
2026-06-16T23:00:00Z,4354.7998046875,4358.0,4349.10009765625,4350.7998046875,575
2026-06-17T00:00:00Z,4350.89990234375,4361.89990234375,4348.2001953125,4356.89990234375,1639
2026-06-17T01:00:00Z,4356.39990234375,4369.7998046875,4354.10009765625,4361.0,2926
2026-06-17T02:00:00Z,4360.89990234375,4364.39990234375,4349.60009765625,4351.2001953125,1822
2026-06-17T03:00:00Z,4351.0,4353.7001953125,4348.39990234375,4351.2001953125,1339
2026-06-17T04:00:00Z,4352.2001953125,4353.60009765625,4337.10009765625,4346.10009765625,1891
2026-06-17T05:00:00Z,4346.2001953125,4353.7998046875,4340.39990234375,4346.10009765625,2374
2026-06-17T06:00:00Z,4346.5,4351.2001953125,4340.10009765625,4351.2001953125,2750
2026-06-17T07:00:00Z,4351.10009765625,4352.5,4344.10009765625,4344.7001953125,2750
2026-06-17T08:00:00Z,4344.7998046875,4347.5,4335.60009765625,4344.2001953125,2581
2026-06-17T09:00:00Z,4344.39990234375,4355.10009765625,4340.5,4349.2998046875,2885
2026-06-17T10:00:00Z,4349.2001953125,4355.10009765625,4346.2001953125,4351.10009765625,1636
2026-06-17T11:00:00Z,4351.2998046875,4351.5,4340.0,4342.60009765625,2169
2026-06-17T12:00:00Z,4342.7998046875,4355.2001953125,4338.7001953125,4353.2998046875,4742
2026-06-17T13:00:00Z,4353.39990234375,4365.5,4343.7001953125,4359.7998046875,8681
2026-06-17T14:00:00Z,4359.60009765625,4384.2001953125,4349.89990234375,4364.10009765625,15806
2026-06-17T15:00:00Z,4363.7998046875,4385.5,4363.60009765625,4383.60009765625,5949
2026-06-17T16:00:00Z,4383.2998046875,4386.7001953125,4375.2001953125,4379.7998046875,4098
2026-06-17T17:00:00Z,4379.60009765625,4403.60009765625,4375.7001953125,4401.10009765625,10332
2026-06-17T18:00:00Z,4399.60009765625,4399.60009765625,4288.2998046875,4305.2001953125,41879
2026-06-17T19:00:00Z,4305.0,4315.0,4237.39990234375,4254.2998046875,28614
2026-06-17T20:00:00Z,4254.2001953125,4289.0,4253.2998046875,4276.2998046875,6489
2026-06-17T22:00:00Z,4275.10009765625,4290.5,4273.2998046875,4285.7998046875,0
2026-06-17T23:00:00Z,4285.7001953125,4303.0,4283.2001953125,4297.2001953125,3335
2026-06-18T00:00:00Z,4297.60009765625,4335.0,4296.2001953125,4328.0,5487
2026-06-18T01:00:00Z,4328.7998046875,4348.89990234375,4326.2998046875,4337.7001953125,5735
2026-06-18T02:00:00Z,4338.0,4350.2001953125,4330.39990234375,4331.0,3763
2026-06-18T03:00:00Z,4331.2998046875,4343.0,4328.89990234375,4339.60009765625,3031
2026-06-18T04:00:00Z,4340.0,4344.2001953125,4330.0,4336.0,2495
2026-06-18T05:00:00Z,4335.7998046875,4345.2001953125,4321.5,4328.0,4037
2026-06-18T06:00:00Z,4328.39990234375,4330.2998046875,4316.2998046875,4326.60009765625,3757
2026-06-18T07:00:00Z,4326.39990234375,4329.7001953125,4307.10009765625,4308.39990234375,4020
2026-06-18T08:00:00Z,4308.60009765625,4312.60009765625,4284.60009765625,4285.89990234375,5321
2026-06-18T09:00:00Z,4286.0,4292.60009765625,4278.60009765625,4287.7001953125,5895
2026-06-18T10:00:00Z,4287.60009765625,4291.89990234375,4273.2001953125,4273.89990234375,4541
2026-06-18T11:00:00Z,4274.2001953125,4274.2001953125,4257.89990234375,4260.60009765625,7379
2026-06-18T12:00:00Z,4260.5,4288.60009765625,4259.0,4265.10009765625,11179
2026-06-18T13:00:00Z,4265.0,4296.2001953125,4263.5,4275.5,11148
2026-06-18T14:00:00Z,4275.2998046875,4277.2998046875,4255.0,4271.7001953125,14309
2026-06-18T15:00:00Z,4271.89990234375,4274.2001953125,4241.7001953125,4245.5,9942
2026-06-18T16:00:00Z,4245.7998046875,4252.5,4233.0,4238.7001953125,9605
2026-06-18T17:00:00Z,4238.7001953125,4252.5,4237.7998046875,4249.5,7254
2026-06-18T18:00:00Z,4249.2001953125,4252.10009765625,4237.39990234375,4237.7001953125,2752
2026-06-18T19:00:00Z,4237.89990234375,4238.39990234375,4220.2998046875,4236.2001953125,6025
2026-06-18T20:00:00Z,4236.2001953125,4238.7001953125,4226.60009765625,4227.89990234375,1627
2026-06-18T22:00:00Z,4231.2001953125,4231.39990234375,4221.2998046875,4225.89990234375,0
2026-06-18T23:00:00Z,4226.2001953125,4226.7998046875,4205.0,4206.7998046875,1721
2026-06-19T00:00:00Z,4206.89990234375,4216.89990234375,4202.2001953125,4209.0,2276
2026-06-19T01:00:00Z,4209.2998046875,4213.10009765625,4201.2001953125,4202.60009765625,2233
2026-06-19T02:00:00Z,4202.2998046875,4204.0,4189.5,4193.89990234375,3208
2026-06-19T03:00:00Z,4194.0,4194.7001953125,4162.7001953125,4167.5,3948
2026-06-21T22:00:00Z,4163.89990234375,4176.0,4151.39990234375,4172.7998046875,2972
2026-06-21T23:00:00Z,4172.7998046875,4181.5,4152.89990234375,4157.0,3971
2026-06-22T00:00:00Z,4157.2998046875,4218.2998046875,4156.60009765625,4218.10009765625,5774
2026-06-22T01:00:00Z,4217.7001953125,4238.10009765625,4172.89990234375,4208.10009765625,8227
2026-06-22T02:00:00Z,4208.2001953125,4217.89990234375,4172.89990234375,4205.7001953125,3342
2026-06-22T03:00:00Z,4206.2998046875,4207.39990234375,4172.89990234375,4189.60009765625,2146
2026-06-22T04:00:00Z,4189.2001953125,4199.7001953125,4172.89990234375,4199.39990234375,1038
2026-06-22T05:00:00Z,4199.2998046875,4216.39990234375,4172.89990234375,4211.2998046875,2679
2026-06-22T06:00:00Z,4211.60009765625,4225.39990234375,4172.89990234375,4215.39990234375,3678
2026-06-22T07:00:00Z,4216.0,4219.7001953125,4172.89990234375,4208.5,2943
2026-06-22T08:00:00Z,4208.2998046875,4215.89990234375,4172.89990234375,4215.7001953125,2753
2026-06-22T09:00:00Z,4215.5,4228.60009765625,4172.89990234375,4226.2001953125,4819
2026-06-22T10:00:00Z,4226.5,4232.2998046875,4172.89990234375,4222.7001953125,2350
2026-06-22T11:00:00Z,4222.7998046875,4233.7001953125,4172.89990234375,4225.2998046875,2900
2026-06-22T12:00:00Z,4225.89990234375,4229.89990234375,4172.89990234375,4211.39990234375,5246
2026-06-22T13:00:00Z,4211.60009765625,4224.5,4172.89990234375,4218.5,12460
2026-06-22T14:00:00Z,4218.7001953125,4229.5,4172.89990234375,4216.7001953125,11138
2026-06-22T15:00:00Z,4216.60009765625,4219.60009765625,4172.89990234375,4201.0,8812
2026-06-22T16:00:00Z,4200.7998046875,4211.89990234375,4172.89990234375,4208.5,4517
2026-06-22T17:00:00Z,4208.5,4210.10009765625,4172.89990234375,4201.39990234375,3983
2026-06-22T18:00:00Z,4201.60009765625,4211.2998046875,4172.89990234375,4209.10009765625,1864
2026-06-22T19:00:00Z,4209.5,4211.60009765625,4172.89990234375,4209.39990234375,2252
2026-06-22T20:00:00Z,4209.39990234375,4212.2998046875,4172.89990234375,4172.89990234375,965
2026-06-22T22:00:00Z,4210.7998046875,4212.7001953125,4206.10009765625,4207.7998046875,0
2026-06-22T23:00:00Z,4207.5,4213.60009765625,4204.60009765625,4205.5,864
2026-06-23T00:00:00Z,4205.0,4212.7001953125,4196.0,4210.7001953125,1939
2026-06-23T01:00:00Z,4210.60009765625,4216.0,4167.5,4179.2998046875,7114
2026-06-23T02:00:00Z,4179.39990234375,4181.2998046875,4164.2998046875,4164.89990234375,3501
2026-06-23T03:00:00Z,4164.89990234375,4167.60009765625,4148.39990234375,4162.2001953125,4736
2026-06-23T04:00:00Z,4161.7998046875,4164.7998046875,4132.2001953125,4135.60009765625,3593
2026-06-23T05:00:00Z,4136.0,4155.0,4133.10009765625,4138.89990234375,4787
2026-06-23T06:00:00Z,4139.60009765625,4144.89990234375,4127.89990234375,4132.39990234375,6101
2026-06-23T07:00:00Z,4131.89990234375,4142.7001953125,4114.0,4116.0,5589
2026-06-23T08:00:00Z,4116.2998046875,4128.39990234375,4108.2001953125,4122.60009765625,5968
2026-06-23T09:00:00Z,4123.0,4140.10009765625,4122.10009765625,4140.10009765625,4144
2026-06-23T10:00:00Z,4140.0,4151.10009765625,4137.39990234375,4137.7001953125,3734
2026-06-23T11:00:00Z,4137.60009765625,4150.0,4135.2001953125,4141.10009765625,4694
2026-06-23T12:00:00Z,4141.0,4145.2998046875,4129.0,4131.0,6174
2026-06-23T13:00:00Z,4131.10009765625,4158.5,4122.7998046875,4154.10009765625,11890
2026-06-23T14:00:00Z,4153.10009765625,4163.5,4140.0,4147.5,14041
2026-06-23T15:00:00Z,4148.0,4159.39990234375,4140.60009765625,4156.7001953125,8288
2026-06-23T16:00:00Z,4156.7998046875,4161.7998046875,4149.2998046875,4151.89990234375,4214
2026-06-23T17:00:00Z,4151.89990234375,4157.7001953125,4145.5,4145.89990234375,4797
2026-06-23T18:00:00Z,4146.0,4148.7998046875,4130.7998046875,4135.60009765625,2845
2026-06-23T19:00:00Z,4135.7998046875,4144.39990234375,4129.10009765625,4129.60009765625,3301
2026-06-23T20:00:00Z,4129.89990234375,4130.7998046875,4125.0,4129.0,2381
2026-06-23T22:00:00Z,4130.0,4132.39990234375,4113.89990234375,4121.2001953125,0
2026-06-23T23:00:00Z,4120.89990234375,4120.89990234375,4097.89990234375,4116.60009765625,3096
2026-06-24T00:00:00Z,4117.0,4129.7001953125,4111.39990234375,4114.7001953125,3091
2026-06-24T01:00:00Z,4114.89990234375,4119.7998046875,4086.0,4106.5,6255
2026-06-24T02:00:00Z,4106.39990234375,4113.10009765625,4069.0,4078.300048828125,6567
2026-06-24T03:00:00Z,4078.10009765625,4088.5,4067.0,4079.89990234375,3794
2026-06-24T04:00:00Z,4080.10009765625,4083.699951171875,4071.60009765625,4080.60009765625,2099
2026-06-24T05:00:00Z,4081.199951171875,4103.10009765625,4077.60009765625,4093.10009765625,3858
2026-06-24T06:00:00Z,4093.10009765625,4114.7001953125,4093.10009765625,4103.89990234375,5040
2026-06-24T07:00:00Z,4103.89990234375,4107.7998046875,4090.699951171875,4091.5,3027
2026-06-24T08:00:00Z,4091.60009765625,4104.7998046875,4090.0,4093.300048828125,2940
2026-06-24T09:00:00Z,4093.300048828125,4095.800048828125,4081.60009765625,4081.800048828125,3869
2026-06-24T10:00:00Z,4082.0,4083.699951171875,4071.0,4072.300048828125,3285
2026-06-24T11:00:00Z,4072.10009765625,4075.60009765625,4053.89990234375,4063.199951171875,7738
2026-06-24T12:00:00Z,4063.39990234375,4065.199951171875,4003.300048828125,4004.0,22560
2026-06-24T13:00:00Z,4004.10009765625,4059.0,3980.300048828125,4054.89990234375,39903
2026-06-24T14:00:00Z,4054.89990234375,4058.199951171875,4020.0,4025.0,16335
2026-06-24T15:00:00Z,4025.39990234375,4033.89990234375,4014.300048828125,4019.5,8596
2026-06-24T16:00:00Z,4019.39990234375,4039.699951171875,4012.60009765625,4023.39990234375,8805
2026-06-24T17:00:00Z,4023.699951171875,4028.60009765625,3989.5,3989.800048828125,11606
2026-06-24T18:00:00Z,3989.89990234375,4011.699951171875,3975.699951171875,3998.10009765625,9129
2026-06-24T19:00:00Z,3998.699951171875,4008.199951171875,3990.39990234375,4004.89990234375,4713
2026-06-24T20:00:00Z,4005.5,4020.0,4001.60009765625,4016.39990234375,3190
2026-06-24T22:00:00Z,4019.0,4024.89990234375,4008.800048828125,4012.0,0
2026-06-24T23:00:00Z,4012.5,4033.89990234375,4006.0,4026.60009765625,2972
2026-06-25T00:00:00Z,4028.300048828125,4031.5,3994.199951171875,4007.300048828125,4459
2026-06-25T01:00:00Z,4007.199951171875,4021.39990234375,3987.89990234375,3992.199951171875,4714
2026-06-25T02:00:00Z,3992.89990234375,4006.60009765625,3976.300048828125,3998.699951171875,5946
2026-06-25T03:00:00Z,3998.800048828125,4016.60009765625,3981.60009765625,4012.39990234375,4917
2026-06-25T04:00:00Z,4011.10009765625,4013.199951171875,3999.5,4011.800048828125,2561
2026-06-25T05:00:00Z,4012.0,4015.699951171875,3996.199951171875,4001.60009765625,4181
2026-06-25T06:00:00Z,4001.5,4004.60009765625,3988.89990234375,3992.699951171875,4374
2026-06-25T07:00:00Z,3992.5,4005.5,3986.60009765625,4003.5,5612
2026-06-25T08:00:00Z,4003.60009765625,4017.89990234375,4000.199951171875,4004.89990234375,5972
2026-06-25T09:00:00Z,4004.89990234375,4013.5,4001.89990234375,4003.39990234375,3753
2026-06-25T10:00:00Z,4003.0,4004.60009765625,3996.39990234375,3999.5,2535
2026-06-25T11:00:00Z,4000.0,4003.199951171875,3988.60009765625,3995.300048828125,3763
2026-06-25T12:00:00Z,3995.39990234375,4035.10009765625,3993.5,4028.199951171875,13959
2026-06-25T13:00:00Z,4028.199951171875,4049.89990234375,4016.60009765625,4017.5,18536
2026-06-25T14:00:00Z,4017.89990234375,4045.60009765625,4015.10009765625,4027.60009765625,13438
2026-06-25T15:00:00Z,4027.800048828125,4058.699951171875,4020.39990234375,4057.5,12890
2026-06-25T16:00:00Z,4057.199951171875,4060.0,4039.10009765625,4044.0,6938
2026-06-25T17:00:00Z,4044.39990234375,4052.300048828125,4042.300048828125,4050.199951171875,6784
2026-06-25T18:00:00Z,4050.5,4059.89990234375,4041.60009765625,4050.39990234375,4426
2026-06-25T19:00:00Z,4051.0,4059.699951171875,4036.800048828125,4041.60009765625,6198
2026-06-25T20:00:00Z,4042.10009765625,4049.800048828125,4039.39990234375,4041.60009765625,1636
2026-06-25T22:00:00Z,4044.39990234375,4051.60009765625,4034.5,4041.39990234375,0
2026-06-25T23:00:00Z,4041.300048828125,4045.699951171875,4027.5,4030.199951171875,1131
2026-06-26T00:00:00Z,4029.89990234375,4039.60009765625,4026.300048828125,4035.10009765625,2331
2026-06-26T01:00:00Z,4035.60009765625,4044.800048828125,4029.300048828125,4035.89990234375,3447
2026-06-26T02:00:00Z,4036.199951171875,4038.300048828125,3998.10009765625,4006.0,6674
2026-06-26T03:00:00Z,4005.89990234375,4022.0,4001.800048828125,4018.60009765625,2984
2026-06-26T04:00:00Z,4019.39990234375,4030.199951171875,4013.800048828125,4026.800048828125,2365
2026-06-26T05:00:00Z,4026.39990234375,4037.10009765625,4021.10009765625,4023.199951171875,2892
2026-06-26T06:00:00Z,4023.199951171875,4049.0,4022.10009765625,4047.199951171875,6366
2026-06-26T07:00:00Z,4047.800048828125,4055.5,4042.5,4046.39990234375,4517
2026-06-26T08:00:00Z,4046.10009765625,4053.0,4041.199951171875,4046.10009765625,2345
2026-06-26T09:00:00Z,4045.800048828125,4069.699951171875,4044.60009765625,4062.800048828125,7515
2026-06-26T10:00:00Z,4062.300048828125,4070.800048828125,4057.5,4069.800048828125,2780
2026-06-26T11:00:00Z,4070.0,4071.5,4057.60009765625,4061.0,3768
2026-06-26T12:00:00Z,4061.10009765625,4076.699951171875,4050.60009765625,4074.0,5759
2026-06-26T13:00:00Z,4074.10009765625,4093.10009765625,4057.699951171875,4088.699951171875,13506
2026-06-26T14:00:00Z,4088.60009765625,4108.7001953125,4083.0,4095.699951171875,16389
2026-06-26T15:00:00Z,4095.89990234375,4111.5,4090.699951171875,4106.2998046875,8043
2026-06-26T16:00:00Z,4106.10009765625,4109.2001953125,4097.39990234375,4099.89990234375,4894
2026-06-26T17:00:00Z,4100.2001953125,4103.39990234375,4088.699951171875,4089.60009765625,5759
2026-06-26T18:00:00Z,4089.89990234375,4094.0,4081.89990234375,4082.199951171875,3049
2026-06-26T19:00:00Z,4082.0,4089.0,4079.0,4086.199951171875,3335
2026-06-26T20:00:00Z,4086.39990234375,4104.39990234375,4079.0,4096.2998046875,2400
2026-06-28T22:00:00Z,4089.800048828125,4092.39990234375,4067.10009765625,4080.800048828125,2950
2026-06-28T23:00:00Z,4080.199951171875,4084.800048828125,4065.89990234375,4076.699951171875,1938
2026-06-29T00:00:00Z,4076.300048828125,4088.699951171875,4062.60009765625,4083.89990234375,3916
2026-06-29T01:00:00Z,4083.699951171875,4088.60009765625,4068.0,4075.800048828125,3469
2026-06-29T02:00:00Z,4075.39990234375,4086.5,4073.199951171875,4080.800048828125,2902
2026-06-29T03:00:00Z,4081.10009765625,4090.39990234375,4079.89990234375,4083.199951171875,1325
2026-06-29T04:00:00Z,4082.800048828125,4083.199951171875,4063.5,4065.699951171875,2298
2026-06-29T05:00:00Z,4065.5,4071.699951171875,4053.800048828125,4069.0,4609
2026-06-29T06:00:00Z,4068.60009765625,4079.60009765625,4068.10009765625,4077.0,3939
2026-06-29T07:00:00Z,4077.5,4083.199951171875,4070.699951171875,4076.300048828125,2700
2026-06-29T08:00:00Z,4075.699951171875,4081.0,4057.5,4060.89990234375,3949
2026-06-29T09:00:00Z,4061.300048828125,4069.39990234375,4038.10009765625,4045.800048828125,7937
2026-06-29T10:00:00Z,4046.5,4053.89990234375,4041.5,4051.10009765625,5007
2026-06-29T11:00:00Z,4051.699951171875,4056.699951171875,4041.5,4053.300048828125,3402
2026-06-29T12:00:00Z,4053.5,4067.0,4051.800048828125,4057.800048828125,5709
2026-06-29T13:00:00Z,4057.800048828125,4066.199951171875,4042.199951171875,4046.39990234375,6541
2026-06-29T14:00:00Z,4046.60009765625,4049.60009765625,4012.0,4039.5,16086
2026-06-29T15:00:00Z,4039.89990234375,4045.0,4030.5,4041.5,6851
2026-06-29T16:00:00Z,4041.5,4043.300048828125,4033.0,4038.39990234375,3906
2026-06-29T17:00:00Z,4038.5,4046.699951171875,4033.800048828125,4035.300048828125,5277
2026-06-29T18:00:00Z,4035.699951171875,4040.0,4026.10009765625,4027.800048828125,2492
2026-06-29T19:00:00Z,4027.699951171875,4034.39990234375,4019.199951171875,4030.39990234375,3633
2026-06-29T20:00:00Z,4030.60009765625,4032.5,4027.199951171875,4030.5,938
2026-06-29T22:00:00Z,4032.5,4036.5,4023.5,4028.39990234375,0
2026-06-29T23:00:00Z,4029.0,4036.699951171875,4027.39990234375,4029.39990234375,1597
2026-06-30T00:00:00Z,4028.60009765625,4028.89990234375,3992.60009765625,4001.300048828125,5588
2026-06-30T01:00:00Z,4000.5,4000.800048828125,3955.39990234375,3982.699951171875,13862
2026-06-30T02:00:00Z,3982.39990234375,3986.800048828125,3965.5,3975.800048828125,5058
2026-06-30T03:00:00Z,3976.10009765625,3984.199951171875,3973.10009765625,3983.800048828125,2840
2026-06-30T04:00:00Z,3982.5,4011.60009765625,3981.300048828125,3999.199951171875,4459
2026-06-30T05:00:00Z,3999.699951171875,4004.300048828125,3988.60009765625,3991.10009765625,2628
2026-06-30T06:00:00Z,3991.5,4047.800048828125,3991.5,4043.5,8439
2026-06-30T07:00:00Z,4043.699951171875,4048.699951171875,4037.5,4046.300048828125,3791
2026-06-30T08:00:00Z,4046.39990234375,4051.800048828125,4027.199951171875,4029.0,4869
2026-06-30T09:00:00Z,4029.0,4038.0,4025.89990234375,4038.0,3737
2026-06-30T10:00:00Z,4038.10009765625,4045.5,4035.5,4043.89990234375,3003
2026-06-30T11:00:00Z,4043.89990234375,4051.39990234375,4039.300048828125,4047.5,3788
2026-06-30T12:00:00Z,4048.0,4048.199951171875,4022.10009765625,4023.89990234375,5799
2026-06-30T13:00:00Z,4023.699951171875,4047.5,4022.89990234375,4043.89990234375,10592
2026-06-30T14:00:00Z,4044.39990234375,4078.10009765625,4039.5,4052.0,16689
2026-06-30T15:00:00Z,4052.10009765625,4054.300048828125,4036.39990234375,4044.199951171875,7478
2026-06-30T16:00:00Z,4043.800048828125,4048.5,4040.10009765625,4040.300048828125,3034
2026-06-30T17:00:00Z,4040.800048828125,4047.10009765625,4034.89990234375,4045.5,6636
2026-06-30T18:00:00Z,4045.89990234375,4048.699951171875,4042.800048828125,4043.60009765625,1721
2026-06-30T19:00:00Z,4043.0,4044.199951171875,4029.10009765625,4030.199951171875,3443
2026-06-30T20:00:00Z,4030.199951171875,4036.0,4020.60009765625,4021.800048828125,2067
2026-06-30T22:00:00Z,4025.0,4032.0,4022.10009765625,4026.39990234375,0
2026-06-30T23:00:00Z,4026.5,4031.800048828125,4018.0,4018.89990234375,2030
2026-07-01T00:00:00Z,4018.89990234375,4022.699951171875,4006.0,4010.199951171875,3110
2026-07-01T01:00:00Z,4010.5,4013.199951171875,3986.699951171875,3990.800048828125,5490
2026-07-01T02:00:00Z,3990.39990234375,3999.0,3983.0,3991.89990234375,3295
2026-07-01T03:00:00Z,3991.800048828125,3999.89990234375,3989.10009765625,3992.89990234375,2569
2026-07-01T04:00:00Z,3993.39990234375,3995.39990234375,3985.300048828125,3989.199951171875,2631
2026-07-01T05:00:00Z,3989.10009765625,3992.0,3982.300048828125,3986.60009765625,2789
2026-07-01T06:00:00Z,3986.60009765625,3990.300048828125,3975.89990234375,3985.0,5737
2026-07-01T07:00:00Z,3985.0,3991.0,3973.0,3988.699951171875,7114
2026-07-01T08:00:00Z,3988.800048828125,3997.699951171875,3982.5,3987.699951171875,3702
2026-07-01T09:00:00Z,3987.199951171875,3999.300048828125,3985.89990234375,3997.89990234375,2909
2026-07-01T10:00:00Z,3997.800048828125,4012.0,3994.60009765625,4011.89990234375,3544
2026-07-01T11:00:00Z,4011.5,4049.39990234375,4011.300048828125,4044.0,8252
2026-07-01T12:00:00Z,4044.5,4047.800048828125,4033.199951171875,4036.800048828125,8035
2026-07-01T13:00:00Z,4036.800048828125,4122.60009765625,4026.60009765625,4104.2001953125,28583
2026-07-01T14:00:00Z,4104.7998046875,4131.0,4096.89990234375,4107.89990234375,19321
2026-07-01T15:00:00Z,4108.0,4108.7998046875,4090.800048828125,4095.10009765625,8255
2026-07-01T16:00:00Z,4095.5,4102.89990234375,4084.0,4085.0,4325
2026-07-01T17:00:00Z,4084.89990234375,4087.60009765625,4081.0,4082.199951171875,5065
2026-07-01T18:00:00Z,4082.300048828125,4084.699951171875,4071.300048828125,4076.0,2704
2026-07-01T19:00:00Z,4075.5,4082.199951171875,4048.39990234375,4052.300048828125,6207
2026-07-01T20:00:00Z,4052.199951171875,4053.60009765625,4042.10009765625,4044.60009765625,2877
2026-07-01T22:00:00Z,4049.199951171875,4057.199951171875,4045.10009765625,4057.199951171875,0
2026-07-01T23:00:00Z,4056.800048828125,4057.10009765625,4045.5,4047.39990234375,1948
2026-07-02T00:00:00Z,4047.10009765625,4065.0,4042.800048828125,4063.5,3372
2026-07-02T01:00:00Z,4063.5,4080.5,4057.0,4062.39990234375,4601
2026-07-02T02:00:00Z,4062.60009765625,4073.199951171875,4053.300048828125,4069.199951171875,2347
2026-07-02T03:00:00Z,4069.39990234375,4086.300048828125,4067.699951171875,4082.300048828125,3076
2026-07-02T04:00:00Z,4082.10009765625,4085.0,4072.699951171875,4073.199951171875,1501
2026-07-02T05:00:00Z,4073.10009765625,4079.800048828125,4065.199951171875,4078.199951171875,3253
2026-07-02T06:00:00Z,4078.300048828125,4092.5,4077.89990234375,4086.199951171875,4368
2026-07-02T07:00:00Z,4086.0,4088.199951171875,4073.39990234375,4076.60009765625,2900
2026-07-02T08:00:00Z,4076.5,4092.60009765625,4073.60009765625,4089.10009765625,3226
2026-07-02T09:00:00Z,4088.39990234375,4089.5,4075.699951171875,4077.60009765625,3566
2026-07-02T10:00:00Z,4077.89990234375,4081.60009765625,4074.199951171875,4078.60009765625,3304
2026-07-02T11:00:00Z,4079.10009765625,4084.5,4069.699951171875,4077.5,4348
2026-07-02T12:00:00Z,4077.300048828125,4154.2001953125,4073.39990234375,4130.5,25325
2026-07-02T13:00:00Z,4130.7998046875,4157.10009765625,4121.7001953125,4149.7998046875,15836
2026-07-02T14:00:00Z,4149.60009765625,4151.60009765625,4127.0,4141.89990234375,10265
2026-07-02T15:00:00Z,4141.89990234375,4144.7001953125,4127.7998046875,4141.39990234375,6996
2026-07-02T16:00:00Z,4141.7001953125,4143.2001953125,4113.0,4131.2001953125,6699
2026-07-02T17:00:00Z,4131.10009765625,4133.2998046875,4118.5,4119.5,5699
2026-07-02T18:00:00Z,4119.7001953125,4140.60009765625,4118.60009765625,4135.89990234375,3082
2026-07-02T19:00:00Z,4136.2001953125,4137.5,4121.2998046875,4134.0,2531
2026-07-02T20:00:00Z,4134.2001953125,4138.2998046875,4129.39990234375,4135.5,2233
2026-07-02T22:00:00Z,4138.0,4141.10009765625,4135.10009765625,4137.10009765625,0
2026-07-02T23:00:00Z,4137.2001953125,4149.10009765625,4133.7998046875,4139.2001953125,2337
2026-07-03T00:00:00Z,4139.0,4164.0,4135.89990234375,4160.0,3310
2026-07-03T01:00:00Z,4159.7998046875,4208.2998046875,4159.5,4194.89990234375,9418
2026-07-03T02:00:00Z,4194.5,4199.89990234375,4189.2998046875,4196.7998046875,2821
2026-07-03T03:00:00Z,4196.7998046875,4197.5,4188.39990234375,4188.5,2064
2026-07-05T22:00:00Z,4187.5,4203.5,4184.39990234375,4200.10009765625,3135
2026-07-05T23:00:00Z,4200.60009765625,4214.10009765625,4187.2998046875,4195.2001953125,3508
2026-07-06T00:00:00Z,4195.7998046875,4200.7001953125,4182.39990234375,4191.60009765625,3416
2026-07-06T01:00:00Z,4190.5,4215.5,4184.2998046875,4198.10009765625,4427
2026-07-06T02:00:00Z,4198.5,4200.10009765625,4180.2998046875,4185.5,3626
2026-07-06T03:00:00Z,4185.89990234375,4187.89990234375,4172.7001953125,4177.0,2409
2026-07-06T04:00:00Z,4177.0,4187.2998046875,4169.2001953125,4171.5,1486
2026-07-06T05:00:00Z,4171.2001953125,4187.2998046875,4156.39990234375,4159.7001953125,3281
2026-07-06T06:00:00Z,4159.5,4187.2998046875,4156.7998046875,4161.89990234375,2731
2026-07-06T07:00:00Z,4162.0,4187.2998046875,4158.7001953125,4175.7001953125,3011
2026-07-06T08:00:00Z,4176.39990234375,4187.2998046875,4158.10009765625,4161.7998046875,2973
2026-07-06T09:00:00Z,4161.60009765625,4187.2998046875,4148.39990234375,4155.5,5049
2026-07-06T10:00:00Z,4155.5,4187.2998046875,4154.60009765625,4167.39990234375,2409
2026-07-06T11:00:00Z,4167.2998046875,4187.2998046875,4163.89990234375,4167.39990234375,1902
2026-07-06T12:00:00Z,4167.39990234375,4187.2998046875,4143.2998046875,4151.39990234375,6383
2026-07-06T13:00:00Z,4151.89990234375,4187.2998046875,4147.10009765625,4153.0,8151
2026-07-06T14:00:00Z,4152.5,4187.2998046875,4140.60009765625,4150.2001953125,8871
2026-07-06T15:00:00Z,4150.60009765625,4187.2998046875,4149.7998046875,4159.89990234375,5821
2026-07-06T16:00:00Z,4160.10009765625,4187.2998046875,4152.0,4166.89990234375,4509
2026-07-06T17:00:00Z,4166.89990234375,4187.2998046875,4162.10009765625,4172.89990234375,5115
2026-07-06T18:00:00Z,4173.2998046875,4187.2998046875,4167.10009765625,4175.7998046875,2874
2026-07-06T19:00:00Z,4175.7998046875,4187.2998046875,4170.5,4175.5,1924
2026-07-06T20:00:00Z,4175.39990234375,4187.2998046875,4172.60009765625,4187.2998046875,597
2026-07-06T22:00:00Z,4176.39990234375,4179.5,4174.60009765625,4175.89990234375,0
2026-07-06T23:00:00Z,4175.39990234375,4176.60009765625,4168.0,4168.7001953125,784
2026-07-07T00:00:00Z,4168.5,4174.5,4156.10009765625,4157.2001953125,2202
2026-07-07T01:00:00Z,4157.2998046875,4160.2001953125,4137.60009765625,4153.89990234375,5000
2026-07-07T02:00:00Z,4154.0,4157.0,4142.7998046875,4147.89990234375,2619
2026-07-07T03:00:00Z,4147.7998046875,4151.39990234375,4135.2001953125,4141.7998046875,2183
2026-07-07T04:00:00Z,4142.39990234375,4152.39990234375,4136.7998046875,4137.60009765625,1910
2026-07-07T05:00:00Z,4137.60009765625,4142.2001953125,4127.7001953125,4135.2001953125,3705
2026-07-07T06:00:00Z,4135.0,4144.39990234375,4132.5,4141.7001953125,2344
2026-07-07T07:00:00Z,4141.89990234375,4144.60009765625,4135.39990234375,4135.7998046875,2520
2026-07-07T08:00:00Z,4135.39990234375,4150.89990234375,4132.7001953125,4137.10009765625,4261
2026-07-07T09:00:00Z,4136.89990234375,4144.60009765625,4130.60009765625,4142.39990234375,3676
2026-07-07T10:00:00Z,4142.39990234375,4150.5,4142.39990234375,4147.10009765625,2012
2026-07-07T11:00:00Z,4147.10009765625,4170.0,4143.0,4168.60009765625,5278
2026-07-07T12:00:00Z,4168.60009765625,4187.0,4166.0,4184.10009765625,11524
2026-07-07T13:00:00Z,4184.10009765625,4192.39990234375,4167.2998046875,4170.0,12311
2026-07-07T14:00:00Z,4169.7001953125,4175.10009765625,4154.5,4165.0,10347
2026-07-07T15:00:00Z,4165.0,4166.7001953125,4146.89990234375,4150.10009765625,6189
2026-07-07T16:00:00Z,4150.39990234375,4158.7001953125,4148.2001953125,4156.60009765625,4083
2026-07-07T17:00:00Z,4156.7001953125,4159.7998046875,4151.7998046875,4155.89990234375,4102
2026-07-07T18:00:00Z,4156.0,4156.5,4136.10009765625,4138.0,4202
2026-07-07T19:00:00Z,4137.89990234375,4138.7001953125,4102.7001953125,4125.10009765625,13252
2026-07-07T20:00:00Z,4125.2998046875,4126.7001953125,4114.2001953125,4116.60009765625,2153
2026-07-07T22:00:00Z,4106.5,4116.89990234375,4104.0,4109.5,0
2026-07-07T23:00:00Z,4109.0,4118.89990234375,4106.2998046875,4108.7998046875,2983
2026-07-08T00:00:00Z,4108.5,4137.10009765625,4107.39990234375,4122.5,3627
2026-07-08T01:00:00Z,4122.7998046875,4129.0,4106.7998046875,4122.2998046875,5333
2026-07-08T02:00:00Z,4122.2001953125,4135.5,4116.5,4125.0,3123
2026-07-08T03:00:00Z,4125.5,4142.2998046875,4125.5,4133.7001953125,2790
2026-07-08T04:00:00Z,4134.2001953125,4139.39990234375,4131.39990234375,4135.89990234375,2420
2026-07-08T05:00:00Z,4135.89990234375,4144.60009765625,4131.2998046875,4138.5,2250
2026-07-08T06:00:00Z,4138.7998046875,4144.7001953125,4132.89990234375,4134.0,2615
2026-07-08T07:00:00Z,4134.39990234375,4139.0,4125.39990234375,4132.0,3794
2026-07-08T08:00:00Z,4132.0,4132.5,4062.199951171875,4066.800048828125,19280
2026-07-08T09:00:00Z,4066.60009765625,4071.300048828125,4051.60009765625,4053.10009765625,9608
2026-07-08T10:00:00Z,4053.5,4069.0,4050.0,4062.89990234375,5646
2026-07-08T11:00:00Z,4062.89990234375,4083.0,4051.5,4072.300048828125,8224
2026-07-08T12:00:00Z,4071.89990234375,4096.7998046875,4068.5,4082.89990234375,10640
2026-07-08T13:00:00Z,4082.5,4093.800048828125,4075.800048828125,4081.60009765625,12073
2026-07-08T14:00:00Z,4081.10009765625,4082.0,4044.0,4051.800048828125,19268
2026-07-08T15:00:00Z,4052.0,4054.300048828125,4032.5,4044.10009765625,11435
2026-07-08T16:00:00Z,4044.5,4075.0,4043.39990234375,4073.89990234375,9762
2026-07-08T17:00:00Z,4073.89990234375,4086.89990234375,4069.39990234375,4076.39990234375,12874
2026-07-08T18:00:00Z,4075.800048828125,4101.60009765625,4073.800048828125,4094.10009765625,5689
2026-07-08T19:00:00Z,4095.0,4101.39990234375,4088.5,4090.199951171875,4300
2026-07-08T20:00:00Z,4090.5,4093.5,4081.39990234375,4086.60009765625,2402
2026-07-08T22:00:00Z,4087.60009765625,4089.60009765625,4081.199951171875,4085.699951171875,0
2026-07-08T23:00:00Z,4086.300048828125,4087.5,4081.10009765625,4085.60009765625,1057
2026-07-09T00:00:00Z,4087.5,4099.10009765625,4079.199951171875,4082.800048828125,3289
2026-07-09T01:00:00Z,4083.199951171875,4088.199951171875,4071.39990234375,4081.800048828125,4259
2026-07-09T02:00:00Z,4081.89990234375,4091.89990234375,4073.10009765625,4073.800048828125,3434
2026-07-09T03:00:00Z,4073.39990234375,4076.300048828125,4063.39990234375,4072.10009765625,2279
2026-07-09T04:00:00Z,4073.60009765625,4073.699951171875,4065.89990234375,4073.699951171875,2758
2026-07-09T05:00:00Z,4073.699951171875,4093.800048828125,4073.0,4091.39990234375,4944
2026-07-09T06:00:00Z,4091.300048828125,4117.7001953125,4090.800048828125,4117.7001953125,6916
2026-07-09T07:00:00Z,4117.2998046875,4121.0,4111.2998046875,4117.89990234375,3715
2026-07-09T08:00:00Z,4117.89990234375,4127.39990234375,4115.0,4117.89990234375,4197
2026-07-09T09:00:00Z,4118.0,4121.39990234375,4112.60009765625,4115.7001953125,2621
2026-07-09T10:00:00Z,4115.7998046875,4119.2001953125,4102.7998046875,4108.0,3919
2026-07-09T11:00:00Z,4108.2001953125,4120.39990234375,4106.89990234375,4118.7001953125,4272
2026-07-09T12:00:00Z,4118.7001953125,4132.39990234375,4114.7998046875,4117.7001953125,9757
2026-07-09T13:00:00Z,4117.5,4139.60009765625,4116.60009765625,4131.7001953125,12423
2026-07-09T14:00:00Z,4131.2998046875,4147.39990234375,4123.7001953125,4137.2998046875,11470
2026-07-09T15:00:00Z,4137.7001953125,4143.0,4134.60009765625,4136.39990234375,6438
2026-07-09T16:00:00Z,4136.7998046875,4148.39990234375,4135.39990234375,4137.7001953125,5716
2026-07-09T17:00:00Z,4137.7998046875,4148.2998046875,4134.5,4146.10009765625,11464
2026-07-09T18:00:00Z,4145.89990234375,4146.5,4131.10009765625,4134.5,3055
2026-07-09T19:00:00Z,4134.10009765625,4136.89990234375,4128.2998046875,4132.39990234375,2319
2026-07-09T20:00:00Z,4132.10009765625,4135.10009765625,4130.0,4132.60009765625,973
2026-07-09T22:00:00Z,4135.39990234375,4136.7998046875,4130.5,4130.7001953125,0
2026-07-09T23:00:00Z,4130.7998046875,4134.2001953125,4130.10009765625,4132.60009765625,588
2026-07-10T00:00:00Z,4132.5,4137.7998046875,4123.5,4135.7998046875,2452
2026-07-10T01:00:00Z,4136.2001953125,4140.7998046875,4118.2998046875,4127.10009765625,4104
2026-07-10T02:00:00Z,4126.7001953125,4138.89990234375,4125.89990234375,4137.60009765625,2223
2026-07-10T03:00:00Z,4137.5,4144.60009765625,4128.89990234375,4129.5,2793
2026-07-10T04:00:00Z,4128.7998046875,4130.5,4121.2001953125,4123.89990234375,1776
2026-07-10T05:00:00Z,4124.10009765625,4126.0,4117.0,4125.5,2221
2026-07-10T06:00:00Z,4125.5,4129.0,4120.0,4120.60009765625,2197
2026-07-10T07:00:00Z,4120.2998046875,4124.39990234375,4113.0,4117.89990234375,3540
2026-07-10T08:00:00Z,4117.60009765625,4118.2998046875,4103.2998046875,4106.5,4267
2026-07-10T09:00:00Z,4106.5,4114.5,4103.0,4113.7001953125,3559
2026-07-10T10:00:00Z,4113.7998046875,4121.7998046875,4113.10009765625,4113.5,3360
2026-07-10T11:00:00Z,4113.2998046875,4117.10009765625,4104.5,4111.0,3263
2026-07-10T12:00:00Z,4111.39990234375,4127.0,4106.0,4109.2998046875,7274
2026-07-10T13:00:00Z,4109.7001953125,4115.5,4093.699951171875,4108.7001953125,8961
2026-07-10T14:00:00Z,4108.2998046875,4118.60009765625,4081.699951171875,4101.7001953125,13660
2026-07-10T15:00:00Z,4101.89990234375,4122.7001953125,4100.10009765625,4122.10009765625,5775
2026-07-10T16:00:00Z,4122.39990234375,4124.7998046875,4113.2998046875,4113.60009765625,5036
2026-07-10T17:00:00Z,4113.39990234375,4115.7998046875,4109.39990234375,4109.60009765625,6097
2026-07-10T18:00:00Z,4109.7998046875,4114.7998046875,4106.7998046875,4109.7001953125,3147
2026-07-10T19:00:00Z,4109.7001953125,4117.0,4106.2998046875,4116.60009765625,2845
2026-07-10T20:00:00Z,4116.39990234375,4129.0,4113.7001953125,4113.7001953125,1563
2026-07-12T22:00:00Z,4097.89990234375,4102.2001953125,4076.800048828125,4084.300048828125,2645
2026-07-12T23:00:00Z,4084.0,4093.300048828125,4075.800048828125,4092.89990234375,2185
2026-07-13T00:00:00Z,4093.10009765625,4099.7001953125,4069.39990234375,4082.10009765625,4601
2026-07-13T01:00:00Z,4082.89990234375,4098.2998046875,4074.0,4080.199951171875,5884
2026-07-13T02:00:00Z,4080.5,4085.5,4072.60009765625,4076.800048828125,3496
2026-07-13T03:00:00Z,4076.5,4077.199951171875,4060.699951171875,4067.39990234375,3656
2026-07-13T04:00:00Z,4068.10009765625,4068.10009765625,4057.800048828125,4066.300048828125,2226
2026-07-13T05:00:00Z,4066.39990234375,4080.89990234375,4059.5,4061.800048828125,4489
2026-07-13T06:00:00Z,4061.89990234375,4071.39990234375,4052.0,4063.0,5187
2026-07-13T07:00:00Z,4063.39990234375,4073.199951171875,4056.5,4072.800048828125,3396
2026-07-13T08:00:00Z,4072.800048828125,4089.10009765625,4071.39990234375,4083.10009765625,4872
2026-07-13T09:00:00Z,4082.800048828125,4085.0,4076.0,4076.300048828125,2626
2026-07-13T10:00:00Z,4076.199951171875,4078.39990234375,4055.0,4068.39990234375,5002
2026-07-13T11:00:00Z,4068.39990234375,4076.699951171875,4062.60009765625,4064.0,5014
2026-07-13T12:00:00Z,4064.0,4075.199951171875,4061.10009765625,4075.199951171875,6010
2026-07-13T13:00:00Z,4075.300048828125,4075.5,4049.0,4050.89990234375,10529
2026-07-13T14:00:00Z,4050.5,4054.5,4005.800048828125,4022.39990234375,29560
2026-07-13T15:00:00Z,4022.39990234375,4027.5,4017.5,4023.300048828125,6114
2026-07-13T16:00:00Z,4023.10009765625,4025.5,3992.89990234375,4000.300048828125,15526
2026-07-13T17:00:00Z,4000.5,4009.300048828125,3999.199951171875,4000.60009765625,9273
2026-07-13T18:00:00Z,4000.699951171875,4012.699951171875,3993.60009765625,4008.5,5006
2026-07-13T19:00:00Z,4008.800048828125,4011.60009765625,4000.5,4009.300048828125,3789
2026-07-13T20:00:00Z,4009.39990234375,4013.60009765625,4002.800048828125,4008.699951171875,2050
2026-07-13T22:00:00Z,4005.89990234375,4015.5,4005.800048828125,4007.39990234375,0
2026-07-13T23:00:00Z,4007.699951171875,4009.89990234375,3999.10009765625,4007.89990234375,1788
2026-07-14T00:00:00Z,4008.60009765625,4014.300048828125,3990.39990234375,4011.60009765625,5093
2026-07-14T01:00:00Z,4010.800048828125,4019.0,3998.60009765625,4017.0,4910
2026-07-14T02:00:00Z,4017.5,4025.699951171875,4012.699951171875,4019.199951171875,4176
2026-07-14T03:00:00Z,4019.10009765625,4025.699951171875,4017.5,4022.60009765625,2036
2026-07-14T04:00:00Z,4023.699951171875,4029.699951171875,4019.89990234375,4026.699951171875,2275
2026-07-14T05:00:00Z,4027.199951171875,4040.39990234375,4026.199951171875,4037.800048828125,4140
2026-07-14T06:00:00Z,4037.699951171875,4039.5,4028.0,4030.39990234375,2911
2026-07-14T07:00:00Z,4030.60009765625,4036.39990234375,4026.5,4027.300048828125,2759
2026-07-14T08:00:00Z,4027.300048828125,4031.10009765625,4020.800048828125,4022.60009765625,3861
2026-07-14T09:00:00Z,4022.39990234375,4031.199951171875,4020.10009765625,4028.699951171875,3610
2026-07-14T10:00:00Z,4028.60009765625,4029.60009765625,4021.89990234375,4028.199951171875,2221
2026-07-14T11:00:00Z,4028.199951171875,4039.0,4022.10009765625,4038.10009765625,3830
2026-07-14T12:00:00Z,4038.5,4112.5,4029.800048828125,4083.89990234375,32039
2026-07-14T13:00:00Z,4084.0,4096.39990234375,4078.199951171875,4084.0,13369
2026-07-14T14:00:00Z,4084.0,4098.39990234375,4077.89990234375,4093.0,12042
2026-07-14T15:00:00Z,4093.0,4108.7001953125,4071.300048828125,4073.10009765625,13942
2026-07-14T16:00:00Z,4073.199951171875,4073.800048828125,4063.39990234375,4068.300048828125,6558
2026-07-14T17:00:00Z,4068.800048828125,4072.199951171875,4061.10009765625,4070.10009765625,11163
2026-07-14T18:00:00Z,4069.5,4070.199951171875,4049.199951171875,4060.699951171875,5854
2026-07-14T19:00:00Z,4060.300048828125,4064.10009765625,4054.199951171875,4062.10009765625,3354
2026-07-14T20:00:00Z,4062.10009765625,4063.10009765625,4055.5,4058.300048828125,0
2026-07-14T22:00:00Z,4059.800048828125,4060.0,4054.300048828125,4055.10009765625,2081
2026-07-14T23:00:00Z,4054.800048828125,4062.39990234375,4052.699951171875,4058.800048828125,1286
2026-07-15T00:00:00Z,4059.0,4067.199951171875,4057.10009765625,4065.10009765625,1922
2026-07-15T01:00:00Z,4066.300048828125,4068.60009765625,4041.199951171875,4042.89990234375,3751
2026-07-15T02:00:00Z,4043.0,4048.39990234375,4035.300048828125,4041.699951171875,3542
2026-07-15T03:00:00Z,4041.300048828125,4046.60009765625,4033.89990234375,4037.89990234375,3006
2026-07-15T04:00:00Z,4036.89990234375,4041.300048828125,4034.199951171875,4039.10009765625,1599
2026-07-15T05:00:00Z,4039.5,4044.699951171875,4028.0,4041.0,4255
2026-07-15T06:00:00Z,4040.89990234375,4041.699951171875,4027.10009765625,4038.0,3848
2026-07-15T07:00:00Z,4038.199951171875,4040.60009765625,4025.60009765625,4030.699951171875,3942
2026-07-15T08:00:00Z,4030.699951171875,4039.5,4023.300048828125,4037.699951171875,3870
2026-07-15T09:00:00Z,4037.699951171875,4040.699951171875,4031.5,4036.300048828125,3992
2026-07-15T10:00:00Z,4036.39990234375,4042.39990234375,4032.10009765625,4034.300048828125,2535
2026-07-15T11:00:00Z,4033.89990234375,4046.5,4033.699951171875,4044.5,3415
2026-07-15T12:00:00Z,4044.89990234375,4078.199951171875,4041.800048828125,4074.60009765625,12247
2026-07-15T13:00:00Z,4074.699951171875,4080.699951171875,4060.5,4068.5,10827
2026-07-15T14:00:00Z,4068.699951171875,4073.0,4059.5,4067.199951171875,6386
2026-07-15T15:00:00Z,4067.39990234375,4069.60009765625,4045.89990234375,4053.199951171875,7269
2026-07-15T16:00:00Z,4053.39990234375,4054.39990234375,4033.0,4040.300048828125,8821
2026-07-15T17:00:00Z,4040.39990234375,4073.699951171875,4039.699951171875,4068.699951171875,10272
2026-07-15T18:00:00Z,4069.199951171875,4089.10009765625,4065.199951171875,4066.300048828125,6496
2026-07-15T19:00:00Z,4066.300048828125,4069.89990234375,4055.199951171875,4064.0,4689
2026-07-15T20:00:00Z,4063.699951171875,4069.800048828125,4062.300048828125,4066.89990234375,0
2026-07-15T22:00:00Z,4068.89990234375,4071.89990234375,4063.800048828125,4065.60009765625,1548
2026-07-15T23:00:00Z,4065.800048828125,4068.0,4061.10009765625,4063.60009765625,1642
2026-07-16T00:00:00Z,4063.800048828125,4067.10009765625,4049.199951171875,4050.39990234375,2896
2026-07-16T01:00:00Z,4050.300048828125,4056.60009765625,4039.39990234375,4044.199951171875,4454
2026-07-16T02:00:00Z,4044.5,4045.300048828125,4029.39990234375,4036.89990234375,3230
2026-07-16T03:00:00Z,4036.800048828125,4042.199951171875,4033.0,4040.699951171875,1391
2026-07-16T04:00:00Z,4041.800048828125,4043.10009765625,4037.0,4038.300048828125,1191
2026-07-16T05:00:00Z,4038.199951171875,4051.800048828125,4030.300048828125,4032.199951171875,2813
2026-07-16T06:00:00Z,4032.39990234375,4041.5,4027.699951171875,4035.800048828125,3821
2026-07-16T07:00:00Z,4035.60009765625,4037.10009765625,4027.800048828125,4036.10009765625,3166
2026-07-16T08:00:00Z,4035.5,4041.699951171875,4030.0,4040.300048828125,3128
2026-07-16T09:00:00Z,4040.60009765625,4043.199951171875,4035.699951171875,4037.39990234375,3045
2026-07-16T10:00:00Z,4037.199951171875,4040.10009765625,4034.39990234375,4035.10009765625,1517
2026-07-16T11:00:00Z,4035.199951171875,4048.39990234375,4026.199951171875,4044.10009765625,6103
2026-07-16T12:00:00Z,4044.39990234375,4048.699951171875,3994.199951171875,3996.39990234375,21186
2026-07-16T13:00:00Z,3996.300048828125,4012.60009765625,3977.10009765625,3994.0,19249
2026-07-16T14:00:00Z,3993.89990234375,4011.0,3991.199951171875,4002.0,8436
2026-07-16T15:00:00Z,4002.199951171875,4021.800048828125,3993.300048828125,4011.800048828125,9210
2026-07-16T16:00:00Z,4011.39990234375,4012.300048828125,3986.5,3996.39990234375,7528
2026-07-16T17:00:00Z,3996.699951171875,3997.300048828125,3983.89990234375,3989.5,7070
2026-07-16T18:00:00Z,3989.699951171875,3995.199951171875,3981.0,3984.699951171875,3842
2026-07-16T19:00:00Z,3984.89990234375,3990.800048828125,3973.39990234375,3984.60009765625,4197
2026-07-16T20:00:00Z,3984.800048828125,3984.800048828125,3976.199951171875,3979.89990234375,1317
2026-07-16T22:00:00Z,3980.10009765625,3984.10009765625,3976.800048828125,3982.10009765625,0
2026-07-16T23:00:00Z,3982.10009765625,3989.89990234375,3978.60009765625,3989.199951171875,1589
2026-07-17T00:00:00Z,3989.5,3995.89990234375,3983.800048828125,3995.89990234375,2152
2026-07-17T01:00:00Z,3996.0,4000.10009765625,3982.699951171875,3986.5,4196
2026-07-17T02:00:00Z,3987.0,3991.10009765625,3974.10009765625,3982.199951171875,2346
2026-07-17T03:00:00Z,3982.5,4012.199951171875,3982.199951171875,3995.699951171875,5126
2026-07-17T04:00:00Z,3995.0,3995.10009765625,3983.10009765625,3985.0,2771
2026-07-17T05:00:00Z,3984.800048828125,3995.300048828125,3978.39990234375,3988.60009765625,4328
2026-07-17T06:00:00Z,3988.60009765625,4010.699951171875,3988.5,4003.10009765625,4017
2026-07-17T07:00:00Z,4003.10009765625,4006.60009765625,3996.699951171875,3997.0,2210
2026-07-17T08:00:00Z,3996.60009765625,4003.800048828125,3991.300048828125,3998.39990234375,3252
2026-07-17T09:00:00Z,3997.89990234375,4006.5,3996.800048828125,4001.800048828125,2453
2026-07-17T10:00:00Z,4001.699951171875,4002.89990234375,3994.10009765625,3994.39990234375,2638
2026-07-17T11:00:00Z,3994.5,4002.699951171875,3993.60009765625,3997.89990234375,2783
2026-07-17T12:00:00Z,3998.199951171875,3999.60009765625,3967.699951171875,3969.5,9888
2026-07-17T13:00:00Z,3970.10009765625,4007.89990234375,3963.0,4001.39990234375,16455
2026-07-17T14:00:00Z,4000.699951171875,4008.89990234375,3994.199951171875,4005.5,9683
2026-07-17T15:00:00Z,4005.5,4026.10009765625,4002.0,4024.10009765625,12581
2026-07-17T16:00:00Z,4024.39990234375,4028.89990234375,4016.0,4019.60009765625,8845
2026-07-17T17:00:00Z,4020.0,4024.0,4012.89990234375,4014.800048828125,4749
2026-07-17T18:00:00Z,4014.89990234375,4021.300048828125,4011.60009765625,4016.10009765625,2795
2026-07-17T19:00:00Z,4016.39990234375,4020.89990234375,4006.800048828125,4019.89990234375,2902
2026-07-17T20:00:00Z,4019.89990234375,4023.0,4013.199951171875,4023.0,1521
